[
  {
    "Id": "1477685",
    "ThreadId": "656007",
    "Html": "I hate to ask, but...<br />\n<br />\nShould we expect an update for 2015 Update 3?  I could not get this to work with 2015 2.1, and IN know the component was updated/rebuilt for 2.0.  Thanks.<br />\n",
    "PostedDate": "2016-06-29T14:01:39.787-07:00",
    "UserRole": null,
    "MarkedAsAnswerDate": null
  },
  {
    "Id": "1477694",
    "ThreadId": "656007",
    "Html": "I was expecting the controls to work for update 3 (and 2.1) but I'll run some tests tomorrow to see what it looks like.<br />\n",
    "PostedDate": "2016-06-29T16:03:27.577-07:00",
    "UserRole": null,
    "MarkedAsAnswerDate": null
  },
  {
    "Id": "1478112",
    "ThreadId": "656007",
    "Html": "Any word on this? Thanks.<br />\n",
    "PostedDate": "2016-07-05T13:38:52.693-07:00",
    "UserRole": null,
    "MarkedAsAnswerDate": null
  },
  {
    "Id": "1478115",
    "ThreadId": "656007",
    "Html": "Thanks for reminding. I just tested on 2015 Update 2.1 and Update 3 and it works fine on these setups. Can you share more of the issue you're experiencing?\r<br />\n<br />\nHere's an example definition that I've used for my test:<br />\n<pre><code>&lt;FIELD name=&quot;WitTriage&quot; refname=&quot;TfsWitExtensions.Triage&quot; type=&quot;String&quot; reportable=&quot;dimension&quot;&gt;\n &lt;HELPTEXT&gt;Status of triaging the bug&lt;/HELPTEXT&gt;\n &lt;SUGGESTEDVALUES expanditems=&quot;false&quot;&gt;\n &lt;LISTITEM value=&quot;[Approved]&quot; /&gt;\n &lt;LISTITEM value=&quot;[Investigate]&quot; /&gt;\n &lt;LISTITEM value=&quot;[Rejected]&quot; /&gt;\n &lt;LISTITEM value=&quot;[Submit]&quot; /&gt;\n &lt;/SUGGESTEDVALUES&gt;\n &lt;/FIELD&gt;\n\n&lt;Control Type=&quot;MultiValueControl&quot; FieldName=&quot;TfsWitExtensions.Triage&quot; Label=&quot;Triag&amp;amp;e:&quot; LabelPosition=&quot;Left&quot; /&gt;              \n</code></pre>\n\nGive it a try and see if you're getting the same error with this definition.<br />\n",
    "PostedDate": "2016-07-05T14:11:49.333-07:00",
    "UserRole": null,
    "MarkedAsAnswerDate": null
  },
  {
    "Id": "1478631",
    "ThreadId": "656007",
    "Html": "The following is from my WIT template.  I just confirmed: This works in Visual Studio but not the web interface.  We just applied 2015 update 3:<br />\n<pre><code>&lt;FIELD name=&quot;Subject Matter Expert 1&quot; refname=&quot;Microsoft.VSTS.CMMI.SubjectMatterExpert1&quot; type=&quot;String&quot;&gt;\n  &lt;ALLOWEXISTINGVALUE /&gt;\n  &lt;VALIDUSER /&gt;\n  &lt;SUGGESTEDVALUES expanditems=&quot;true&quot;&gt;\n    &lt;GLOBALLIST name=&quot;RequirementsSME&quot; /&gt;\n  &lt;/SUGGESTEDVALUES&gt;\n&lt;/FIELD&gt;\n</code></pre>\n\nGlobal List<br />\n<pre><code>&lt;GLOBALLIST name=&quot;RequirementsSME&quot;&gt;\n  &lt;LISTITEM value=&quot;[ ]&quot; /&gt;\n  &lt;LISTITEM value=&quot;[David Jones]&quot; /&gt;\n  &lt;LISTITEM value=&quot;[Brian Adams]&quot; /&gt;\n&lt;/GLOBALLIST&gt;\n\n&lt;Control FieldName=&quot;Microsoft.VSTS.CMMI.SubjectMatterExpert1&quot; Type=&quot;MultiValueControl&quot; Label=&quot;Subject Matter Experts&quot; LabelPosition=&quot;Left&quot; &gt;&lt;/Control&gt;</code></pre>\n\nThe result on the Web interface is an empty dropdown.<br />\n",
    "PostedDate": "2016-07-11T10:33:31.073-07:00",
    "UserRole": null,
    "MarkedAsAnswerDate": null
  },
  {
    "Id": "1478801",
    "ThreadId": "656007",
    "Html": "To follow up: I determined the issue only occurs when the control uses a Microsoft.VSTS.CMMI.* field.  I created a new control against the Microsoft.VSTS.CMMI.ActualAttendee8 control using the global list with the same result: This works in VS but not on the web interface.<br />\n<br />\n (I confirmed the global list is not the issue: I created the &quot;TfsWitExtensions.Triage&quot; as above and the global list works fine)<br />\n",
    "PostedDate": "2016-07-13T06:52:34.953-07:00",
    "UserRole": null,
    "MarkedAsAnswerDate": null
  },
  {
    "Id": "1478862",
    "ThreadId": "656007",
    "Html": "Thanks for the follow-up, it does sound strange that some fields won't work. I'll try to repro on my side and follow up with you.<br />\n",
    "PostedDate": "2016-07-14T01:51:40.047-07:00",
    "UserRole": null,
    "MarkedAsAnswerDate": null
  },
  {
    "Id": "1482495",
    "ThreadId": "656007",
    "Html": "Is there any update to this? I am having a similar problem. The check box appears in VS, but not on the Web.\r<br />\nIn TFS 2015 Update the I am assuming that this control gets installed as a &quot;Legacy Extension&quot;?\r<br />\n<br />\n&lt;Control FieldName=&quot;WPS.TechnologyDomain&quot; Type=&quot;FieldControl&quot; Label=&quot;Technology Domain&quot; LabelPosition=&quot;Left&quot; PreferredType=&quot;MultiValueControl&quot; /&gt;<br />\n<pre><code> &lt;FIELD name=&quot;Technology Domain&quot; refname=&quot;WPS.TechnologyDomain&quot; type=&quot;String&quot; reportable=&quot;dimension&quot;&gt;\n    &lt;SUGGESTEDVALUES expanditems=&quot;true&quot;&gt;\n      &lt;LISTITEM value=&quot;[Item 1]&quot; /&gt;\n      &lt;LISTITEM value=&quot;[item 2]&quot; /&gt;\n    &lt;/SUGGESTEDVALUES&gt;\n  &lt;/FIELD&gt;</code></pre>\n\n",
    "PostedDate": "2016-08-31T06:42:59.873-07:00",
    "UserRole": null,
    "MarkedAsAnswerDate": null
  }
]