[
  {
    "Id": "25041",
    "ThreadId": "7676",
    "Html": "\r\nHi!<br /><br />I just tried out the new Power Tools, and especially the Process Template Editor (PTE).<br />When trying to read a Work Item that uses the DuplicateId CustomControl that Naren posted it complains that it is an error, and the error in the Event Viewer says \"WorkItemIdReference is not a valid value for ValidControlTypes\".<br /><br />Does this mean that the PTE cannot handle Custom Controls, or handles Custom Controls in a different manner?<br />It would be bad if it does not handle Custom Controls since we are using one and are trying to find time to develop at least one more...<br /><br />/Tomas Scott<br />",
    "PostedDate": "2007-02-28T00:27:08.307-08:00",
    "UserRole": null,
    "MarkedAsAnswerDate": null
  },
  {
    "Id": "37627",
    "ThreadId": "7676",
    "Html": "\r\nHi<br /><br />I bumped into the same issue. Is there a new version of the process editor in the making that would handle this? else custom controls are of little value to us.<br /><br />Brumlemann<br />Software Architect<br />Confirmit<br /><br /><div class=\"quote\" style=\"border: dotted .1em #aaa; border-left: none; border-right: none; font-style: italic; margin: 1em 0em 2.5em 3em;padding: .2em;\"><br />tscott wrote:<br />Hi!<br /><br />I just tried out the new Power Tools, and especially the Process Template Editor (PTE).<br />When trying to read a Work Item that uses the DuplicateId CustomControl that Naren posted it complains that it is an error, and the error in the Event Viewer says \"WorkItemIdReference is not a valid value for ValidControlTypes\".<br /><br />Does this mean that the PTE cannot handle Custom Controls, or handles Custom Controls in a different manner?<br />It would be bad if it does not handle Custom Controls since we are using one and are trying to find time to develop at least one more...<br /><br />/Tomas Scott<br /><br /></div>",
    "PostedDate": "2007-06-20T05:42:35.42-07:00",
    "UserRole": null,
    "MarkedAsAnswerDate": null
  },
  {
    "Id": "42365",
    "ThreadId": "7676",
    "Html": "\r\nI propose a workaround until the Powertools team releases a version of PTE that supports custom controls (it must be in the works).<br /><br />I maintain two versions of any Work Item Type XML I'm working on. The working copy is one with placeholders for Custom Controls (choose whatever placeholder works best for you), and the other WIT XML version I generate with a search and replace script that replaces PTE supported controls (marked for replacement with a particular property or flag) with the actual XML tag for the custom control. The rough copy is what I view in PTE and the script generated copy is the one I upload to the server for testing.<br /><br />There isn't much point to trying to test custom controls in the PTE form preview anyway as it has limited functionality and is meant only to preview the layout.<br />",
    "PostedDate": "2007-07-24T15:47:44.103-07:00",
    "UserRole": null,
    "MarkedAsAnswerDate": null
  }
]