[
  {
    "Id": "1123106",
    "ThreadId": "468561",
    "Html": "Hi,\r<br />\n<br />\nI would like to implement in webaccess the ability to grey out a value for a ListItem based on certain conditions such that greyed out values are not selectable.(They are viewable and may have help text on hover to explain to user why it is greyed out, but not selectable)\r<br />\n<br />\nI thought I would be able to have the javascript manipulate the workitem xml  &lt;ListItem&gt; attributes to do this, but there are no attributes that would enable or disable the value.  I could have the js delete the listItem altogether, but then the user would be confused as to why he has an incomplete set of options.\r<br />\n<br />\n Can I create an attribute for &lt;ListItem&gt; or is there a better way?<br />\n",
    "PostedDate": "2013-11-13T12:25:25.903-08:00",
    "UserRole": null,
    "MarkedAsAnswerDate": null
  },
  {
    "Id": "1127771",
    "ThreadId": "468561",
    "Html": "Hi tconnors,\r<br />\n<br />\nI don't think manipulating the xml definition of the workitem will get you very far since the html for the workitem has already been rendered.\r<br />\n<br />\nHave you tought about creating a custom control instead?  That would allow you adapt the presentation for the list.<br />\n",
    "PostedDate": "2013-11-21T20:30:51.06-08:00",
    "UserRole": null,
    "MarkedAsAnswerDate": null
  },
  {
    "Id": "1127885",
    "ThreadId": "468561",
    "Html": "Hi again,\r<br />\n<br />\nSomething else came to my mind after a good night sleep.  :0)\r<br />\n<br />\nIf you have access to the workitem definition you could also use &lt;WHEN&gt; clauses to tweak the available choices based on other fields:\r<br />\n<br />\n<a href=\"http://msdn.microsoft.com/en-us/library/vstudio/ms194966.aspx\" rel=\"nofollow\">http://msdn.microsoft.com/en-us/library/vstudio/ms194966.aspx</a><br />\n",
    "PostedDate": "2013-11-22T05:28:43.95-08:00",
    "UserRole": null,
    "MarkedAsAnswerDate": null
  }
]