[
  {
    "Id": "670489",
    "ThreadId": "272257",
    "Html": "\r\n<p>It would be very useful (<em>specially when involving customers to the scrum</em>) having\r\n<strong><span style=\"text-decoration:underline\">scrum fields</span></strong> instead of&nbsp; one big text field:</p>\r\n<p>Instead of <strong>Description with Acceptance Critera</strong> it would be very useful for &quot;scrumers&quot;:</p>\r\n<p><strong>As a</strong> _______________</p>\r\n<p><strong>I want</strong> ______________</p>\r\n<p><strong>so that</strong> _____________</p>\r\n<p>&nbsp;</p>\r\n<p><strong>Acceptance Criteria (functionnal):</strong></p>\r\n<p>_______________</p>\r\n<p>&nbsp;</p>\r\n<p><strong>Acceptance Criteria (non-functionnal):</strong></p>\r\n<p>_______________</p>\r\n<p>&nbsp;</p>\r\n<p>Is it also possible to implement custom controls for &quot;user story&quot; items too?</p>\r\n<p>Regards,<br>\r\nHarald-Ren&eacute; Flasch (aka hfrmobile)</p>\r\n",
    "PostedDate": "2011-09-12T01:44:44.013-07:00",
    "UserRole": null,
    "MarkedAsAnswerDate": null
  }
]