[
  {
    "Id": "148824",
    "ThreadId": "44701",
    "Html": "I'm using the windows 7 beta with visual studio 2008. I installed the custom controls and was trying to use the multivalue control but I get this error: &quot;Object reference not set to an instance of an object.&quot; I confirmed the files were present at \\programdata\\microsoft\\team foundation\\work item tracking\\custom controls<br>\r\n<br>\r\nAny suggestions?<br>\r\n<br>\r\nThanks in advance\r\n",
    "PostedDate": "2009-01-20T10:51:43.973-08:00",
    "UserRole": null,
    "MarkedAsAnswerDate": null
  }
]