[
  {
    "Id": "1498335",
    "ThreadId": "663928",
    "Html": "I want to use the multivalue control from MS DevLabs in Visual Studio online.\r<br />\n<br />\nSpecifically, I want to add fields which\r<br />\n<br />\n1) identify all the customers interested in a feature and\r<br />\n2) who is the first user of the feature\r<br />\n<br />\nI've installed the control in my account.\r<br />\n<br />\nI've set up a 'first customer' field which is a pick list.\r<br />\n<br />\nI've added a multivalue (customers) control which uses 'first customer' as the backing picklist.\r<br />\n<br />\nHOwever, when I select the second element in the multivalue control I get an error on the page saying that the result ('Co 1; Co2') is not valid in the first customer field.\r<br />\n<br />\nI remove the first customer field from the form and the same message comes up, but only at the top of the form.\r<br />\n<br />\nClearly I'm doing something wrong, but I can't see what!\r<br />\n<br />\nAny help would be appreciated\r<br />\n<br />\nI've set up a field with a pic<br />\n",
    "PostedDate": "2017-10-26T08:04:38.127-07:00",
    "UserRole": null,
    "MarkedAsAnswerDate": null
  }
]