[
  {
    "Id": "1135606",
    "ThreadId": "473524",
    "Html": "I recently upgrade the server and client to 2013. However when I now use the multivalue control 2013 version I get the following error each time I open a record with a multiselect field embedded.\r<br />\n<br />\nCould not load file or assembly 'System.Web.Helpers, Version=2.0.0.0, Culture=Neutral, Public KeyToken=31bf385ad364e35' or one of it's dependancies. The system cannot find the file specified.\r<br />\n<br />\nAny thoughts? I have reinstalled the custom code several times with no joy. \r<br />\n<br />\n-p<br />\n",
    "PostedDate": "2013-12-13T10:08:14.88-08:00",
    "UserRole": null,
    "MarkedAsAnswerDate": null
  },
  {
    "Id": "1136095",
    "ThreadId": "473524",
    "Html": "It works on my machine... :-)\r<br />\n<br />\nI assume this is the WPF version of the control, right? \r<br />\n<br />\nCould you provide some more details to help us troubleshoot:<br />\n<ul>\n<li>Which version(s) of Visual Studio do you have installed?</li>\n<li>\nWhich .NET framework versions are installed?<br />\n</li>\n</ul>\nMathias <br />\n",
    "PostedDate": "2013-12-15T07:12:33.59-08:00",
    "UserRole": null,
    "MarkedAsAnswerDate": null
  },
  {
    "Id": "1136239",
    "ThreadId": "473524",
    "Html": "Not sure about the WPF version. It's the version downloaded from this project - 1.2.0.0.\r<br />\n<br />\nSo we added the code to the extensions on the server - web version is running with no issues. However I have this issue on 2 different machines both running VS Premium 2013. \r<br />\n<br />\nVS Premium 12.0.21005.1 REL\r<br />\n.NET Framework Version 4.5.5.51641\r<br />\n<br />\nBoth machines have the same VS, .NET framework, 2013 VS PowerTools and the same CustomControls2013 installs.\r<br />\n<br />\nOn another machine I have 2012 Professional with the 2012 control code. This connects to the same server with no issues. \r<br />\n<br />\nThanks\r<br />\n<br />\nPaul<br />\n",
    "PostedDate": "2013-12-15T10:24:28.937-08:00",
    "UserRole": null,
    "MarkedAsAnswerDate": null
  },
  {
    "Id": "1143860",
    "ThreadId": "473524",
    "Html": "I've published a 1.2.1.0 beta, <a href=\"https://witcustomcontrols.codeplex.com/releases/view/116312\" rel=\"nofollow\">https://witcustomcontrols.codeplex.com/releases/view/116312</a>, with a fix to this issue. We are also testing a couple of improvements in the control, I hope we can make an official release in a few days.<br />\n<br />\nMathias<br />\n",
    "PostedDate": "2013-12-30T05:09:11.54-08:00",
    "UserRole": null,
    "MarkedAsAnswerDate": "2013-12-30T05:13:27.523-08:00"
  }
]