[
  {
    "Id": "1021975",
    "ThreadId": "438221",
    "Html": "We've upgraded our TFS to 2012 and our custom controls have been installed on the server, client and through web access, however when some users choose to use the work item from the SharePoint dashboard they are getting &quot;Error: Unable to create 'MultiValueControl'&quot;\r<br />\n<br />\nIs there somewhere else I should be include the wicc and dll files so that when viewing the work items though the SharePoint dashboard I can see the custom controls?<br />\n",
    "PostedDate": "2013-03-27T12:03:58.687-07:00",
    "UserRole": null,
    "MarkedAsAnswerDate": null
  }
]