[
  {
    "Id": "1143469",
    "ThreadId": "478949",
    "Html": "Hi,\r<br />\n<br />\nWe have been using your MultiValueControl in TFS 2012 and loved it.  After upgrading to TFS 2013, the control seems to break our work items that use it.\r<br />\n<br />\nWe don't see any errors, but all the fields are blank, including lists in the drop down fields.\r<br />\n<br />\nDo you have any idea what could be causing this problem?<br />\n",
    "PostedDate": "2013-12-27T23:56:19.15-08:00",
    "UserRole": null,
    "MarkedAsAnswerDate": null
  },
  {
    "Id": "1143471",
    "ThreadId": "478949",
    "Html": "I'm sorry to hear it's not working for you. To help us understand your environment can you check the following:<br />\n<ul>\n<li>Does it work in Visual Studio 2013?</li>\n<li>Does it work in Visual Studio 2012?</li>\n<li>\nDoes it work in TFS Web Access?<br />\n</li>\n</ul>\nAlso if you could provide a field definition we can try to repro the issue.<br />\n<br />\nThanks,<br />\nMathias<br />\n",
    "PostedDate": "2013-12-28T00:16:38.327-08:00",
    "UserRole": null,
    "MarkedAsAnswerDate": null
  },
  {
    "Id": "1143476",
    "ThreadId": "478949",
    "Html": "Thanks for pointing out VS 2013, I do get an error there.<br />\n<pre><code>Products contains a value that is not supported by the multiple value control because it is either empty or does not properly separate its values by enclosing them square brackets. The string representing multiple values should be of the form “[value 1];[value 2]”.</code></pre>\n\nOur list hasn't changed, so I don't know why this error is popping up after the upgrade.<br />\n<ul>\n<li>I don't have a copy of VS 2012 to test this out, I'll get back to you when I can find someone who can.</li>\n<li>\nWeb Access is where I noticed the issue.<br />\n</li>\n</ul>\nHere's a snippet of what we are doing,<br />\n<pre><code>&lt;FIELD name=&quot;Products&quot; refname=&quot;VSTS.Products&quot; type=&quot;String&quot; reportable=&quot;dimension&quot;&gt;\n        &lt;SUGGESTEDVALUES expanditems=&quot;true&quot;&gt;\n          &lt;GLOBALLIST name=&quot;Products&quot; /&gt;\n        &lt;/SUGGESTEDVALUES&gt;\n        &lt;DEFAULT from=&quot;value&quot; value=&quot;[none]&quot; /&gt;\n&lt;/FIELD&gt;</code></pre>\n\nAnd in the form,<br />\n<pre><code>&lt;Control FieldName=&quot;VSTS.Products&quot; Type=&quot;MultiValueControl&quot; Label=&quot;Product(s)&quot; LabelPosition=&quot;Left&quot; Name=&quot;Products&quot;&gt;\n  &lt;CustomControlOptions /&gt;\n&lt;/Control&gt;</code></pre>\n\n",
    "PostedDate": "2013-12-28T00:44:24.9-08:00",
    "UserRole": null,
    "MarkedAsAnswerDate": null
  },
  {
    "Id": "1143477",
    "ThreadId": "478949",
    "Html": "Ok, I see what the problem is, the code expects values to be enclosed with square brackets (i.e. [Product1], [Product2] etc). I'll have to check if this is something that's changed for the latest release but I believe it is the same. Perhaps the (Web access) code has been more forgiving before but that's how it's supposed to work. <br />\n<br />\nI will try to reproduce your scenario with the code you posted. If possible you could test adding brackets and see if that solves your issue. See <a href=\"https://witcustomcontrols.codeplex.com/wikipage?title=Multivalue%20control&amp;referringTitle=Home\" rel=\"nofollow\">https://witcustomcontrols.codeplex.com/wikipage?title=Multivalue%20control&referringTitle=Home</a> for how to use the control.<br />\n",
    "PostedDate": "2013-12-28T01:11:07.89-08:00",
    "UserRole": null,
    "MarkedAsAnswerDate": null
  },
  {
    "Id": "1143606",
    "ThreadId": "478949",
    "Html": "I probably should have mentioned the brackets in my last post, but we are enclosing our items in brackets.<br />\n",
    "PostedDate": "2013-12-28T16:34:20.9-08:00",
    "UserRole": null,
    "MarkedAsAnswerDate": null
  },
  {
    "Id": "1143694",
    "ThreadId": "478949",
    "Html": "I've tried your exact configuration without any issues. Can you try downloading the latest bits and see if it helps (1.2.1.0, beta)? You can pick it up from here: [<a href=\"https://witcustomcontrols.codeplex.com/releases/view/116312]\" rel=\"nofollow\">https://witcustomcontrols.codeplex.com/releases/view/116312]</a>.<br />\n",
    "PostedDate": "2013-12-29T05:36:30.917-08:00",
    "UserRole": null,
    "MarkedAsAnswerDate": null
  },
  {
    "Id": "1143863",
    "ThreadId": "478949",
    "Html": "Ahshih,\r<br />\n<br />\nCould you share your Global list definition with us to take a look at? EMail me directly if you don't want to post it here.\r<br />\n<br />\nMathias<br />\n",
    "PostedDate": "2013-12-30T05:14:22.733-08:00",
    "UserRole": null,
    "MarkedAsAnswerDate": null
  },
  {
    "Id": "1143929",
    "ThreadId": "478949",
    "Html": "We were able to find out what the issue was.  There were some issues with our global lists and after correcting them, we were able to get the controls working.<br />\n\r<br />\nThanks for helping me out though, I really appreciate it.<br />\n",
    "PostedDate": "2013-12-30T09:08:41.503-08:00",
    "UserRole": null,
    "MarkedAsAnswerDate": "2013-12-31T04:12:23.673-08:00"
  },
  {
    "Id": "1144142",
    "ThreadId": "478949",
    "Html": "Glad to hear you worked it out!<br />\n",
    "PostedDate": "2013-12-31T00:37:02.52-08:00",
    "UserRole": null,
    "MarkedAsAnswerDate": null
  }
]