[
  {
    "Id": "714156",
    "ThreadId": "283450",
    "Html": "\r\n<p>Hi,</p>\r\n<p>I have a list of allowed values, when I open the work item the list is sorted alphabetically.</p>\r\n<p>I need the list to be sorted in desc order, is there a way to do so?</p>\r\n<p>In case I have to write a custom control for this purpose, how do I fill the list (combo)?</p>\r\n<p>For now I added the valued hard coded in the work item xml but I'm considering adding the values to a global list.</p>\r\n<p>&nbsp;</p>\r\n<p>thanks</p>\r\n",
    "PostedDate": "2011-12-19T03:56:53.953-08:00",
    "UserRole": null,
    "MarkedAsAnswerDate": null
  }
]