[
  {
    "Id": "1074514",
    "ThreadId": "451807",
    "Html": "Hi,<br />\n<br />\nI made some modification to fill the MultiValue control from an external page.  The page address is configured using the attributes field in the Work Item Type's control properties.<br />\n<br />\nTo test and provide an example to others, I also created a sample project using the web.api to be queried by the multi value control.<br />\n<br />\nDoing my changes I added a reference to System.Web.Helpers so I could use the json serialization to format the list.  This is not mandatory but since I need to go Javascript for the WebAccess part it will be easier to access.  Is that a problem?<br />\n<br />\nIts m'y first time to contribue to an open-source project but I'd really want thoses changes make their way up to the real project.  I did setup my machine to work with TortoiseSVN and would be ready to commit my changes.  Is this the best way to go?<br />\n<br />\nI will keep posting my progress here.<br />\n<ul>\n<li>Stéphane</li>\n</ul>\n",
    "PostedDate": "2013-07-29T17:43:39.323-07:00",
    "UserRole": null,
    "MarkedAsAnswerDate": null
  },
  {
    "Id": "1074523",
    "ThreadId": "451807",
    "Html": "Hi again,<br />\n<br />\nNow, because the checklistbox is not well suited when you have a long list of values, I plan to adapt the control with an AutoCompleteSource to let the user type a few characters to select the proper values.<br />\n <br />\nOn the WebAccess side, I plan to use a jQuery UI plugin instead: jquery.ui.autobox.js.  I already used it and it does the job well.  Is there a problem adding that to the Web Access control?  The plugin and dependencies are licensed with a mix of BSD or GPL and MIT licenses.<br />\n<ul>\n<li>\nStéphane<br />\n</li>\n</ul>\n",
    "PostedDate": "2013-07-29T18:21:39.677-07:00",
    "UserRole": null,
    "MarkedAsAnswerDate": null
  },
  {
    "Id": "1085997",
    "ThreadId": "451807",
    "Html": "Hi folks!,\r<br />\n<br />\nI made some painfull progress on my project.\r<br />\n<br />\nFor the Web Access MultiValue control, there are some breaking changes in the repository and it took me a long time to realize that this was the cause of my problems.\r<br />\n<br />\nAnyway, I am now ready with both version of the MultiValue control (Team explorer and WebAccess) enabled to get their values from a datasource.\r<br />\n<br />\nThe next part will be to implement an auto complete mecanism when the number of values is greather than some breakpoint.<br />\n<ul>\n<li>Stéphane</li>\n</ul>\n",
    "PostedDate": "2013-08-28T19:33:05.46-07:00",
    "UserRole": null,
    "MarkedAsAnswerDate": null
  },
  {
    "Id": "1091765",
    "ThreadId": "451807",
    "Html": "Interested in seeing how this works out. In the process of trying to figure out how to put serial numbers into a WIT that would help indicate rather or not a machine is turned on or not. The webservice has been created, but no clue on how to get the rest integrated. \r<br />\n<br />\nAutoCompleteSource for those serial numbers would also be ideal.<br />\n",
    "PostedDate": "2013-09-12T08:04:42.88-07:00",
    "UserRole": null,
    "MarkedAsAnswerDate": null
  },
  {
    "Id": "1112642",
    "ThreadId": "451807",
    "Html": "Ok,\r<br />\n<br />\nIts been a while but the extended control is now available in the repository or msi for both tfs2012 and tfs2013.\r<br />\n<br />\nWith that you can now feed the suggested values from either a static globallist (as before) or an URI returning json. To keep the existing behavior and ease transitions, if both are defined, the list of values are merged together (while removing duplicates).\r<br />\n<br />\nAlso, A new behavior has been added to let you choose between the actual CheckListBox or the new AutoComplete.  The AutoComplete gives you a TextBox to type the first few letters of the value you want and present you the matching choices.  When you select a value, its added to a CheckListBox from wich you can remove values.\r<br />\n<br />\nSo far, this AutoComplete feature is working only from Team Explorer but I'm working hard to complete the implementation on the WebAccess side.\r<br />\n<br />\nDocumentation will follow for the expected format and configuration but basically the URI must return a json formatted list (ex: [&quot;A&quot;,&quot;B&quot;]) and the address is provided by the MultiValueDataProvider attribute in the workitem type definition (ex: MultiValueDataProvider=<a href=\"http://tfsserver:8080/DataProvider/Api/MultiValueSource\" rel=\"nofollow\">http://tfsserver:8080/DataProvider/Api/MultiValueSource</a> ).  The attributes are also used to indicate what behavior you want. Behavior=AutoComplete for the AutoComplete.  Nothing or anything else will stay with the CheckListBox.<br />\n\r<br />\nMany thanks to Mathias Olausson which took care of testing and packaging everything. \r<br />\n<br />\nI'll keep in touch...<br />\n",
    "PostedDate": "2013-10-27T06:45:46.077-07:00",
    "UserRole": null,
    "MarkedAsAnswerDate": "2013-12-31T04:12:38.663-08:00"
  },
  {
    "Id": "1116514",
    "ThreadId": "451807",
    "Html": "\r\n<div dir=\"ltr\"><font face=\"Times New Roman\"></font><span style=\"font-family:\">So, I would need to upgrade to TFS 2012 to get this functionality to work? Currently on 2010.</span><br>\r\n<font face=\"Times New Roman\"></font></div>\r\n",
    "PostedDate": "2013-11-01T06:57:11.223-07:00",
    "UserRole": null,
    "MarkedAsAnswerDate": null
  },
  {
    "Id": "1116784",
    "ThreadId": "451807",
    "Html": "Yes, we have decided to primarily target vCurrent and vNext for the controls, which means VS/TFS 2012 and 2013 at this time. In this particular case the control model changed between 2010 and 2012 which makes it difficult to back-port the code to older versions. \r<br />\n<br />\nThe ALM Rangers Upgrade Guide (<a href=\"https://vsarupgradeguide.codeplex.com/\" rel=\"nofollow\">https://vsarupgradeguide.codeplex.com/</a>) is a great resource on upgrade guidance BTW.\r<br />\n<br />\nMathias<br />\n",
    "PostedDate": "2013-11-02T03:08:11.56-07:00",
    "UserRole": null,
    "MarkedAsAnswerDate": null
  }
]