[
  {
    "Id": "53357",
    "ThreadId": "16457",
    "Html": "\r\nI have problem re-populating the multivalue control with values from datasource. After flushing the values how can we auto check values in control when reopening the work item? <br /><br />",
    "PostedDate": "2007-10-15T09:36:51.75-07:00",
    "UserRole": null,
    "MarkedAsAnswerDate": null
  },
  {
    "Id": "53599",
    "ThreadId": "16457",
    "Html": "\r\nThere was a bug in the code. I have updated the release. please let me know if the new realse does not work for you. Thanks<br />",
    "PostedDate": "2007-10-16T16:25:17.32-07:00",
    "UserRole": null,
    "MarkedAsAnswerDate": null
  }
]