[
  {
    "Id": "1228679",
    "ThreadId": "540717",
    "Html": "Hi,\r<br />\n<br />\nI have added some multiselect fields to a WIT for my project. In VS they render correctly, but in the web view the dropdown section is only using half the length of the field to display the check box entries. \r<br />\n<br />\nAlso this only seems to be happening on the tabpages. I have other multiselect fields in the main section of the record which render correctly and use the full length of the field. \r<br />\n<br />\nAny thoughts?\r<br />\n<br />\n-p<br />\n",
    "PostedDate": "2014-03-31T10:12:53.213-07:00",
    "UserRole": null,
    "MarkedAsAnswerDate": null
  },
  {
    "Id": "1252811",
    "ThreadId": "540717",
    "Html": "hi\r<br />\n<br />\ni am also facing same issue,for me In VS and  web view the dropdown section is only using half the length of the field to display the check box entries\r<br />\n<br />\n<br />\nPlease Suggest where i went wrong.\r<br />\n<br />\nthanks,\r<br />\n<br />\nManju<br />\n",
    "PostedDate": "2014-06-04T04:57:43.163-07:00",
    "UserRole": null,
    "MarkedAsAnswerDate": null
  },
  {
    "Id": "1260194",
    "ThreadId": "540717",
    "Html": "Which browser are you using? Can you post an example of a string that's rendered incorrect?<br />\n",
    "PostedDate": "2014-06-26T14:03:50.183-07:00",
    "UserRole": null,
    "MarkedAsAnswerDate": null
  },
  {
    "Id": "1280254",
    "ThreadId": "540717",
    "Html": "I am also seeing my values cut off in Web Access.  I tried it in both FireFox and Internet Explorer 11.  It seems to happen irrespective of whether or not there is a tab control in the WIT layout.<br />\n<br />\nHere is a screenshot of what I see:<br />\n<img src=\"http://imgur.com/XotWoUu.png\" alt=\"Image\" /><br />\n<br />\nThese values are supposed to read &quot;Value 1&quot;, &quot;Value 2&quot;, and &quot;Value 3&quot;.<br />\n<br />\n<strong>Update:</strong> It appears as if I had set it up wrong.  The WIT to include the brackets around the values appears to have fixed the issue.<br />\n",
    "PostedDate": "2014-08-01T14:43:38.74-07:00",
    "UserRole": null,
    "MarkedAsAnswerDate": null
  },
  {
    "Id": "1285527",
    "ThreadId": "540717",
    "Html": "Hi,\r<br />\n<br />\n@clcruItch, I did not run any test, but from the way items are rendered, my first impression is that the values are not enclosed in brackets in the suggested values.  Could that be the case?\r<br />\n<br />\nAs an example, XML should be something like this:\r<br />\n<br />\n&lt;FIELD name=&quot;SomeFieldName&quot; refname=&quot;Your.Namespace.SomeFieldName&quot; type=&quot;String&quot; reportable=&quot;dimension&quot;&gt;\r<br />\n &lt;SUGGESTEDVALUES expanditems=&quot;false&quot;&gt;\r<br />\n &lt;LISTITEM value=&quot;[Value1]&quot; /&gt;\r<br />\n &lt;LISTITEM value=&quot;[Value2]&quot; /&gt;\r<br />\n &lt;LISTITEM value=&quot;[Value3]&quot; /&gt;\r<br />\n &lt;LISTITEM value=&quot;[Value4]&quot; /&gt;\r<br />\n &lt;/SUGGESTEDVALUES&gt;\r<br />\n &lt;/FIELD&gt;\r<br />\n<br />\nRegards\r<br />\n<br />\nStéphane<br />\n",
    "PostedDate": "2014-08-04T16:40:48.71-07:00",
    "UserRole": null,
    "MarkedAsAnswerDate": null
  },
  {
    "Id": "1289453",
    "ThreadId": "540717",
    "Html": "Hi, we also got this issue, and also for us its only on tabpages, any fixes?<br />\n<br />\n<img src=\"http://i.imgur.com/dQL5vnD.jpg\" alt=\"Image\" /><br />\n",
    "PostedDate": "2014-08-12T13:46:53.447-07:00",
    "UserRole": null,
    "MarkedAsAnswerDate": null
  },
  {
    "Id": "1289466",
    "ThreadId": "540717",
    "Html": "Are the values enclosed in brackets as Stéphane suggests?<br />\n",
    "PostedDate": "2014-08-12T14:17:49.903-07:00",
    "UserRole": null,
    "MarkedAsAnswerDate": null
  },
  {
    "Id": "1289469",
    "ThreadId": "540717",
    "Html": "<strong>MOlausson wrote:</strong><br />\n<blockquote>\nAre the values enclosed in brackets as Stéphane suggests?<br />\n</blockquote>\nYeah the control is working great, just it's layout is truncated..<br />\n",
    "PostedDate": "2014-08-12T14:23:48.757-07:00",
    "UserRole": null,
    "MarkedAsAnswerDate": null
  },
  {
    "Id": "1289474",
    "ThreadId": "540717",
    "Html": "Ok. And you are using the latest release (1.2.2.0)?<br />\n",
    "PostedDate": "2014-08-12T14:37:28.017-07:00",
    "UserRole": null,
    "MarkedAsAnswerDate": null
  },
  {
    "Id": "1289537",
    "ThreadId": "540717",
    "Html": "Was using 1.2.0.0, now upgraded to 1.2.2.0 and still got this issue.\r<br />\n<br />\nAs you can see, Its affecting only tabbed controls:\r<br />\n<img src=\"http://i.imgur.com/F61VsXj.jpg\" alt=\"Image\" /><br />\n",
    "PostedDate": "2014-08-12T22:18:52.103-07:00",
    "UserRole": null,
    "MarkedAsAnswerDate": null
  },
  {
    "Id": "1291638",
    "ThreadId": "540717",
    "Html": "Thanks, then I know how to repro. I will take a look and get back.<br />\n",
    "PostedDate": "2014-08-20T03:51:45.063-07:00",
    "UserRole": null,
    "MarkedAsAnswerDate": null
  }
]