[
  {
    "Id": "48520",
    "ThreadId": "14919",
    "Html": "\r\nHello Everyone,<br />I have download the Install Package and run it on the local and server but i cant find those files any where.<br />There is some thing i missed? I have to work with SP1 ?<br />",
    "PostedDate": "2007-09-09T23:18:56.177-07:00",
    "UserRole": null,
    "MarkedAsAnswerDate": null
  },
  {
    "Id": "49150",
    "ThreadId": "14919",
    "Html": "\r\nThe files shoule be installed at C:\\ProgramData\\Microsoft\\Team Foundation\\Work Item Tracking\\Custom Controls. Can you check if the files have been copied there?<br /><br />And, yes, to use WIT Custom Controls you need TFS SP1.<br /><br /><div class=\"quote\" style=\"border: dotted .1em #aaa; border-left: none; border-right: none; font-style: italic; margin: 1em 0em 2.5em 3em;padding: .2em;\"><br />rakolodo wrote:<br />Hello Everyone,<br />I have download the Install Package and run it on the local and server but i cant find those files any where.<br />There is some thing i missed? I have to work with SP1 ?<br /><br /></div>",
    "PostedDate": "2007-09-13T13:05:07.147-07:00",
    "UserRole": null,
    "MarkedAsAnswerDate": null
  },
  {
    "Id": "57541",
    "ThreadId": "14919",
    "Html": "\r\nCan you please be more specific of what exactly we need to have installed on the client machine (running Visual Studio 2005 with Team Explorer) and what installed on the TFS server machine?  I seem to have TFS Sp1 installed on the server, but I can't seem to find the exact path you mention above (or the one mentioned in Naren's blog by that matter).  Thank you so much for all your help...<br />",
    "PostedDate": "2007-11-09T09:22:08.11-08:00",
    "UserRole": null,
    "MarkedAsAnswerDate": null
  },
  {
    "Id": "58230",
    "ThreadId": "14919",
    "Html": "\r\nOn the client you need to have visual studio 2005 and team explorer upgraded to SP1. When you open the about dialog make sure you dont confuse your .Net framework version with Visual Studio version as you may have SP1 for the .Net framework but not visual studio. Here is the link to get SP1 if you dont have it installed already: http://msdn2.microsoft.com/en-us/vstudio/bb265237.aspx<br /><br />The custom control files (the .dll and .wicc files) should be placed in %AppData%\\Microsoft\\Team Foundation\\Work Item Tracking\\Custom Controls<br /><br />%AppData% may vary. Typically the custom controls path on windows vista its \"C:\\ProgramData\\Microsoft\\Team Foundation\\Work Item Tracking\\Custom Controls\", and on my windows 2003 box its \"C:\\Documents and Settings\\All Users\\Application Data\\Microsoft\\Team Foundation\\Work Item Tracking\\Custom Controls\". I would guess in XP it is similar to windows 2003.<br /><br />-Hayder<br /><br /><br />",
    "PostedDate": "2007-11-14T10:42:32.88-08:00",
    "UserRole": null,
    "MarkedAsAnswerDate": null
  }
]