[
  {
    "Id": "1012517",
    "ThreadId": "435941",
    "Html": "I downloaded the 2012 zip file and dll.... and I have the MSI for 2010... but i still cant make this thing work on 2010?<br />\n",
    "PostedDate": "2013-03-08T11:49:15.443-08:00",
    "UserRole": null,
    "MarkedAsAnswerDate": null
  },
  {
    "Id": "1012523",
    "ThreadId": "435941",
    "Html": "I finally got it to load, However I get no options in my list box? Its just blank\r<br />\nPlease help<br />\n",
    "PostedDate": "2013-03-08T11:59:51.627-08:00",
    "UserRole": null,
    "MarkedAsAnswerDate": null
  },
  {
    "Id": "1012527",
    "ThreadId": "435941",
    "Html": "I finally got it working. disreguard questions above<br />\n",
    "PostedDate": "2013-03-08T12:16:44.04-08:00",
    "UserRole": null,
    "MarkedAsAnswerDate": null
  }
]