[
  {
    "Id": "29923",
    "ThreadId": "9166",
    "Html": "\r\nHi,<br /><br />Wouldn't it be nice if one could create a combobox control that fetches it's values from a database, say through a DataSource?<br /><br />Or is there any other way to achieve that? <br /><br />Thanks,<br /><br />/U<br />",
    "PostedDate": "2007-04-14T13:09:49.067-07:00",
    "UserRole": null,
    "MarkedAsAnswerDate": null
  },
  {
    "Id": "82680",
    "ThreadId": "9166",
    "Html": "\r\nI developed a databound drop down list for an internal project.  If you are interested in the source let me know.<br /><br />Thanks,<br />David<br />",
    "PostedDate": "2008-03-25T07:19:26.523-07:00",
    "UserRole": null,
    "MarkedAsAnswerDate": null
  },
  {
    "Id": "84952",
    "ThreadId": "9166",
    "Html": "\r\nWe have also developed the same type of control. Would be nice to hear if you had any problems.<br /><br />We made a WCF Service that we deployed on the TFS APp Tier and had a database in the TFS Data Tier.<br /><br />One problem we have noticed is that the value list is no longer avaliable in Excel, so editing in Excel is somewhat more of a problem.<br /><br />/Tomas<br />",
    "PostedDate": "2008-04-04T02:17:30.11-07:00",
    "UserRole": null,
    "MarkedAsAnswerDate": null
  }
]