[
  {
    "Id": "465497",
    "ThreadId": "218938",
    "Html": "<p>Are there any new custom TFS/VS 2010 Workitem controls? Any on the horizon?</p>",
    "PostedDate": "2010-07-09T09:43:33.247-07:00",
    "UserRole": null,
    "MarkedAsAnswerDate": null
  },
  {
    "Id": "467006",
    "ThreadId": "218938",
    "Html": "<p>This&nbsp;project is&nbsp;mainly intended as implementation examples of custom controls. It's also open to the community so others can contribute too. I do plan on adding a voting control in the near future.</p>",
    "PostedDate": "2010-07-13T15:41:42.067-07:00",
    "UserRole": null,
    "MarkedAsAnswerDate": null
  },
  {
    "Id": "467009",
    "ThreadId": "218938",
    "Html": "<p>I like that this project has included examples of custom controls especially for VS 2005 and VS 2008.</p>\r\n<p>The <strong>MultiValueControl</strong>&nbsp;is a great example. I just know that I've had issues in the past with having to deploy different versions of the same control for VS 2005 and VS 2008.</p>\r\n<p>I'm hoping that the existing controls can be updated to work with VS 2010.</p>\r\n<p>I'd also like to see some kind of packaging for these controls(makes deployment much easier)&nbsp;along the lines of: <a href=\"http://www.teamsystem.es/post/2008/07/Paquete-de-Check-In-Policies-check-in-policies-pack-v10.aspx\">http://www.teamsystem.es/post/2008/07/Paquete-de-Check-In-Policies-check-in-policies-pack-v10.aspx</a></p>",
    "PostedDate": "2010-07-13T16:01:39.737-07:00",
    "UserRole": null,
    "MarkedAsAnswerDate": null
  },
  {
    "Id": "472722",
    "ThreadId": "218938",
    "Html": "<p>Any thoughts? Or is this abandonware?</p>",
    "PostedDate": "2010-07-26T09:51:29.273-07:00",
    "UserRole": null,
    "MarkedAsAnswerDate": null
  },
  {
    "Id": "486449",
    "ThreadId": "218938",
    "Html": "<p>(bump) any&nbsp;feedback?&nbsp;</p>\r\n<div id=\"_mcePaste\" style=\"width:1px;height:1px;overflow:hidden;top:0px;left:-10000px\">﻿</div>",
    "PostedDate": "2010-08-30T08:37:51.257-07:00",
    "UserRole": null,
    "MarkedAsAnswerDate": null
  },
  {
    "Id": "500840",
    "ThreadId": "218938",
    "Html": "<p>the code for the custom contol for 2010 didnt change. I just linked it with 10.0 version of the assembly. Under the download page two MSIs are provided one for 2010 and one for 2008. regarding package, you can deploy them via MSI, or a VSIX or any other mechanism you have. the files just need to be dropped in custom control folder. see the blog post here <a href=\"http://blogs.msdn.com/b/greggboer/archive/2010/03/30/work-item-tracking-custom-controls.aspx\">http://blogs.msdn.com/b/greggboer/archive/2010/03/30/work-item-tracking-custom-controls.aspx</a>&nbsp;for details about deployment folders and lookup.</p>",
    "PostedDate": "2010-09-30T23:10:26.08-07:00",
    "UserRole": null,
    "MarkedAsAnswerDate": null
  }
]