[
  {
    "Id": "1493742",
    "ThreadId": "661772",
    "Html": "Hi, \r<br />\n<br />\nI see there is a new version (1.3.2.5) of this control aimed at supporting TFS 2017, the instructions state to install it from this web page <a href=\"http://servername:8080/tfs/admin/Extensions but on TFS 2017 this page cannot be found\" rel=\"nofollow\">http://servername:8080/tfs/admin/Extensions but on TFS 2017 this page cannot be found</a>.\r<br />\n<br />\nI have also tried uploading the zip package via <a href=\"https://www.visualstudio.com/en-us/docs/marketplace/get-tfs-extensions#upload-to-team-foundation-server\" rel=\"nofollow\">Manage Extensions</a> but it complains the package is not a .vsix.\r<br />\n<br />\nAny suggestions on how to install this?<br />\n",
    "PostedDate": "2017-03-08T02:11:13.067-08:00",
    "UserRole": null,
    "MarkedAsAnswerDate": null
  },
  {
    "Id": "1497065",
    "ThreadId": "661772",
    "Html": "Hi,\r<br />\n<br />\nTry this page for Legacy Extensions. It looks like your link was missing the underscores. \r<br />\n<br />\nhttp://servername:8080/tfs/_admin/_extensions<br />\n",
    "PostedDate": "2017-06-14T15:28:54.663-07:00",
    "UserRole": null,
    "MarkedAsAnswerDate": null
  },
  {
    "Id": "1497078",
    "ThreadId": "661772",
    "Html": "Thanks Soja, that works.<br />\n",
    "PostedDate": "2017-06-15T07:35:44.71-07:00",
    "UserRole": null,
    "MarkedAsAnswerDate": null
  }
]