[
  {
    "Id": "1215767",
    "ThreadId": "535814",
    "Html": "Hi, \r<br />\n<br />\nI am working on TFS2010 and installed the dlls for custom controls of multiselect checkbox on the same. They are working correctly. Only issue is if I make the field as required the required field indicator is not displayed. Any ideas how to resolve  this issue?\r<br />\n<br />\nThanks<br />\n",
    "PostedDate": "2014-02-27T11:07:45.767-08:00",
    "UserRole": null,
    "MarkedAsAnswerDate": null
  }
]