[
  {
    "Id": "876928",
    "ThreadId": "376623",
    "Html": "\r\n<p>I am using the VS2012 RC and MTM2012 RC, and your controls do not work for them. I am going to try to upgrade the solution and work from there, but do you have any plans for supporting 2012? I have to open my newly created defects in TSWA or VS2010 to set\r\n those fields for now.</p>\r\n",
    "PostedDate": "2012-07-19T08:00:07.933-07:00",
    "UserRole": null,
    "MarkedAsAnswerDate": null
  },
  {
    "Id": "900089",
    "ThreadId": "376623",
    "Html": "<p>I'm in the same boat as dtreth. &nbsp;We're planning our upgrade to TFS 2012 and this is one of the hurdles we need to clear prior to that upgrade. &nbsp;Any update that anyone could share would be appreciated!</p>",
    "PostedDate": "2012-08-16T14:29:32.5-07:00",
    "UserRole": null,
    "MarkedAsAnswerDate": null
  },
  {
    "Id": "906002",
    "ThreadId": "376623",
    "Html": "<p>I will update the project&nbsp;to work with 2012, expect an update to be available&nbsp;in&nbsp;couple of weeks.&nbsp;</p>",
    "PostedDate": "2012-08-29T15:48:59.443-07:00",
    "UserRole": null,
    "MarkedAsAnswerDate": null
  },
  {
    "Id": "914287",
    "ThreadId": "376623",
    "Html": "<p>Fantastic, &nbsp;if you need any kind of beta testers please feel free to give me a shout!</p>\r\n<p>&nbsp;</p>\r\n<p>Thanks for the update!</p>",
    "PostedDate": "2012-09-18T12:49:42.25-07:00",
    "UserRole": null,
    "MarkedAsAnswerDate": null
  },
  {
    "Id": "919232",
    "ThreadId": "376623",
    "Html": "<p>I would also be happy to test this out -- at least the MultiValueControl.</p>",
    "PostedDate": "2012-09-28T14:34:23.377-07:00",
    "UserRole": null,
    "MarkedAsAnswerDate": null
  },
  {
    "Id": "924345",
    "ThreadId": "376623",
    "Html": "<p>Any updates on the release of the MultiValueControl for TFS 2012?&nbsp;</p>",
    "PostedDate": "2012-10-09T16:45:51.043-07:00",
    "UserRole": null,
    "MarkedAsAnswerDate": null
  },
  {
    "Id": "924354",
    "ThreadId": "376623",
    "Html": "<p>Sorry for the late response, I will try to submit an update this week.</p>",
    "PostedDate": "2012-10-09T16:56:31.857-07:00",
    "UserRole": null,
    "MarkedAsAnswerDate": null
  },
  {
    "Id": "927720",
    "ThreadId": "376623",
    "Html": "<p>It would help us a lot, if this control can be updated to work with VSTS 2012. Thank you, Alex.</p>",
    "PostedDate": "2012-10-16T16:48:33.187-07:00",
    "UserRole": null,
    "MarkedAsAnswerDate": null
  },
  {
    "Id": "928350",
    "ThreadId": "376623",
    "Html": "<p>I am waiting for the updates. Thanks,</p>",
    "PostedDate": "2012-10-17T13:55:38.55-07:00",
    "UserRole": null,
    "MarkedAsAnswerDate": null
  },
  {
    "Id": "932588",
    "ThreadId": "376623",
    "Html": "<p>No worries. Any chance we could see a release of the&nbsp;MultiValueControl for Web Access by early next week?</p>",
    "PostedDate": "2012-10-25T11:48:06.093-07:00",
    "UserRole": null,
    "MarkedAsAnswerDate": null
  },
  {
    "Id": "932809",
    "ThreadId": "376623",
    "Html": "<p>It would be great indeed if a release could be made available for the MultiValueControl. We really could use this one...</p>\r\n<p>Keep up the good work!</p>",
    "PostedDate": "2012-10-26T00:13:19.667-07:00",
    "UserRole": null,
    "MarkedAsAnswerDate": null
  },
  {
    "Id": "941505",
    "ThreadId": "376623",
    "Html": "\r\n<p>Already installed the new version of the MultiValueControl for TFS 2012 and it works just great in VS 2012. Thanks!</p>\r\n<p>Are there any plans&nbsp;for&nbsp;extension for the Web Access part? Can we expect&nbsp;these controls&nbsp;to be working in&nbsp;the Web Access side of TFS 2012? Are you planning to make a zip file available that can be uploaded as a Web Access Extension\r\n in the TFS Web Access?</p>\r\n<p>Already tried setting up this control myself for the MultiValue control but I'm still encountering some issues currently (probably jquery related). In case I succeed in&nbsp;producing something that's working and stable I'll try to submit it...</p>\r\n",
    "PostedDate": "2012-11-14T03:16:38.063-08:00",
    "UserRole": null,
    "MarkedAsAnswerDate": null
  },
  {
    "Id": "941839",
    "ThreadId": "376623",
    "Html": "\r\n<p>I've created a 1.1.0.0 release with the TFS 2012 compatible version of the existing controls. I hope this will unblock some of you from upgrading to 2012!</p>\r\n",
    "PostedDate": "2012-11-14T13:41:20.753-08:00",
    "UserRole": null,
    "MarkedAsAnswerDate": null
  },
  {
    "Id": "941842",
    "ThreadId": "376623",
    "Html": "\r\n<p>Great to hear the updated control works for you!</p>\r\n<p>My ideas for a new release would be to add a few controls and to make some controls available as web controls as well.</p>\r\n<p>If you get the MultiValue control working for the TFS 2012 web client do submit it and we can add that to the next release.</p>\r\n",
    "PostedDate": "2012-11-14T13:47:24.857-08:00",
    "UserRole": null,
    "MarkedAsAnswerDate": null
  },
  {
    "Id": "941904",
    "ThreadId": "376623",
    "Html": "\r\n<p>Controls work with VSTS 2012. Thank you!!!!!!!!!!!!!!!!!!!!!!</p>\r\n<p>I think Microsoft needs to purchase/license your product....just saying :)</p>\r\n",
    "PostedDate": "2012-11-14T16:28:35.313-08:00",
    "UserRole": null,
    "MarkedAsAnswerDate": null
  },
  {
    "Id": "947119",
    "ThreadId": "376623",
    "Html": "\r\n<p>Has anyone been able to get this to work in the web client? Thanks</p>\r\n<p>&nbsp;</p>\r\n<p>Has anyone looked into this?</p>\r\n<p><a title=\"Custom Control Web Access Part 1\" href=\"http://blogs.msdn.com/b/serkani/archive/2012/06/22/work-item-custom-control-development-in-tf-web-access-2012-development.aspx\">http://blogs.msdn.com/b/serkani/archive/2012/06/22/work-item-custom-control-development-in-tf-web-access-2012-development.aspx</a></p>\r\n<p><a title=\"Custom Control Web Access Part 2\" href=\"http://blogs.msdn.com/b/serkani/archive/2012/06/22/work-item-custom-control-development-in-tf-web-access-2012-deployment.aspx\">http://blogs.msdn.com/b/serkani/archive/2012/06/22/work-item-custom-control-development-in-tf-web-access-2012-deployment.aspx</a></p>\r\n",
    "PostedDate": "2012-11-26T09:44:59.437-08:00",
    "UserRole": null,
    "MarkedAsAnswerDate": null
  },
  {
    "Id": "949024",
    "ThreadId": "376623",
    "Html": "\r\n<p>Yes, I have used the info on this&nbsp;blog from Serkan during the implementation. I also have used the following jquery widget from Eric:</p>\r\n<p><a href=\"http://www.erichynds.com/jquery/jquery-ui-multiselect-widget/\">http://www.erichynds.com/jquery/jquery-ui-multiselect-widget/</a></p>\r\n<p>Many thanks to both!</p>\r\n<p>&nbsp;</p>\r\n<p>Multivalue control for TWA 2012 is working now. Still busy testing it more in depth, but I can make it available&nbsp;already....</p>\r\n<p>I'm not a project member so I'll upload it as a patch. Feel free to provide me any feedback you might have.</p>\r\n<p>&nbsp;</p>\r\n",
    "PostedDate": "2012-11-29T06:56:29.053-08:00",
    "UserRole": null,
    "MarkedAsAnswerDate": null
  },
  {
    "Id": "949175",
    "ThreadId": "376623",
    "Html": "\r\n<p>Thanks this worked, one hiccup I have on one work item 2 multi value fields main and a sub, it works on the main but not the sub it's just a oddly shaped text field now but without the previous error though. Way more than I had this morning so thank you\r\n very much!</p>\r\n",
    "PostedDate": "2012-11-29T11:25:42.527-08:00",
    "UserRole": null,
    "MarkedAsAnswerDate": null
  },
  {
    "Id": "949415",
    "ThreadId": "376623",
    "Html": "\r\n<p>Yes, that was a known issue for version 1.0.0&nbsp;as was also mentioned in the notes on the 'patches' page.</p>\r\n<p>A new version 1.0.1&nbsp;is now available which also fixes this issue. You can find in in the patches page on this site:</p>\r\n<p><a href=\"http://witcustomcontrols.codeplex.com/SourceControl/list/patches\">http://witcustomcontrols.codeplex.com/SourceControl/list/patches</a></p>\r\n<p>I hope&nbsp;this will also be made available in the source control tree which makes it easier to work on in the future and track changes properly. I've no rights to do this yet, but if anybody can provide me the required access I'll gladly add it to the source\r\n control tree.</p>\r\n<p>Feel free to send any feedback in case you should still encounter some issues.</p>\r\n<p>&nbsp;</p>\r\n",
    "PostedDate": "2012-11-30T01:52:23.487-08:00",
    "UserRole": null,
    "MarkedAsAnswerDate": null
  },
  {
    "Id": "950686",
    "ThreadId": "376623",
    "Html": "\r\n<p>It worked once I changed my second field definition, here is the senerio and not sure why</p>\r\n<p>First field &quot;Functional.Category&quot;</p>\r\n<p>Second field &quot;Functional.Sub.Category&quot;</p>\r\n<p>Second field is broken same as before verified all settings in the definition and control type, created a new field called Sub.Category same selections same definition settings. Now both fields work as expected.</p>\r\n<p>Thank you for this!</p>\r\n",
    "PostedDate": "2012-12-03T10:53:58.25-08:00",
    "UserRole": null,
    "MarkedAsAnswerDate": null
  },
  {
    "Id": "955090",
    "ThreadId": "376623",
    "Html": "\r\n<p>Just posted version 1.0.3 of the web version of the multivaluecontrol in the patches section:</p>\r\n<p><a href=\"http://witcustomcontrols.codeplex.com/SourceControl/list/patches\">http://witcustomcontrols.codeplex.com/SourceControl/list/patches</a></p>\r\n<p>This should solve issues with the control not displaying correctly in all places and the transparency issue.</p>\r\n<p>&nbsp;</p>\r\n<p>Hope this helps....</p>\r\n",
    "PostedDate": "2012-12-12T06:03:42.677-08:00",
    "UserRole": null,
    "MarkedAsAnswerDate": null
  },
  {
    "Id": "981236",
    "ThreadId": "376623",
    "Html": "\r\n<p>I've just merged this patch with the current source and created a 1.1.1.0 release:</p>\r\n<p><a href=\"http://witcustomcontrols.codeplex.com/releases/view/99616\">http://witcustomcontrols.codeplex.com/releases/view/99616</a></p>\r\n<p>Thanks for the contribution!</p>\r\n",
    "PostedDate": "2012-12-28T04:29:13.88-08:00",
    "UserRole": null,
    "MarkedAsAnswerDate": null
  },
  {
    "Id": "1000473",
    "ThreadId": "376623",
    "Html": "Do you have any chance of detecting the current Visual Studio theme? I am currently running VS 2012 with the dark theme and the custom control is the only white thing in the otherwise black work item dialog.\r<br />\n<br />\nThanks<br />\n",
    "PostedDate": "2013-02-13T02:05:15.87-08:00",
    "UserRole": null,
    "MarkedAsAnswerDate": null
  },
  {
    "Id": "1000631",
    "ThreadId": "376623",
    "Html": "It seems to do the same as the rest of the HTML windows<br />\n",
    "PostedDate": "2013-02-13T08:01:13.3-08:00",
    "UserRole": null,
    "MarkedAsAnswerDate": null
  },
  {
    "Id": "1011452",
    "ThreadId": "376623",
    "Html": "Hi there!\r<br />\n<br />\nI love the MultiValueControl and it works perfectly in Visual Studio, thank you very much!  In TFS Web access, it is not working in IE8 (on Windows XP).  It works flawlessly in IE9, and it also works in FireFox, but not in IE8.  Is anyone else seeing this issue?  I am running 1.1.1.0 in TFS 11.<br />\n",
    "PostedDate": "2013-03-06T15:20:12.443-08:00",
    "UserRole": null,
    "MarkedAsAnswerDate": null
  },
  {
    "Id": "1024228",
    "ThreadId": "376623",
    "Html": "Hi.\r<br />\n<br />\nI'm new in TFS - just at the evaluation stage. So my question might be stupid... Nevertheless.\r<br />\n<br />\nI installed 1.1.1.0 release both on clinet computer and on TFS server computer by executing WitCustomControlSetup2012.msi. \r<br />\n<br />\nIn VS2012 it works well, but in TWA it tells &quot;Cannot create work item control of type &quot;MultiValueControl&quot;&quot;. Are there some actions which should be done besides executing WitCustomControlSetup2012 on the server to make it operational in TWA?<br />\n",
    "PostedDate": "2013-04-02T06:04:25.36-07:00",
    "UserRole": null,
    "MarkedAsAnswerDate": null
  },
  {
    "Id": "1024238",
    "ThreadId": "376623",
    "Html": "Duplicate post somehow happened. Please delete it.<br />\n",
    "PostedDate": "2013-04-02T06:21:09.38-07:00",
    "UserRole": null,
    "MarkedAsAnswerDate": null
  },
  {
    "Id": "1024241",
    "ThreadId": "376623",
    "Html": "<strong>stimanov wrote:</strong><br />\n<blockquote>\n... Are there some actions which should be done besides executing WitCustomControlSetup2012 on the server to make it operational in TWA?<br />\n</blockquote>\nHi again. Looks like i found solution. I downloaded extension v.1.0.3 from here: <a href=\"http://witcustomcontrols.codeplex.com/sourcecontrol/list/patches?ViewAll=true&amp;ProjectName=witcustomcontrols\" rel=\"nofollow\">http://witcustomcontrols.codeplex.com/sourcecontrol/list/patches?ViewAll=true&ProjectName=witcustomcontrols</a>, installed and enabled it and and now it works in TWA.<br />\n",
    "PostedDate": "2013-04-02T06:23:28.963-07:00",
    "UserRole": null,
    "MarkedAsAnswerDate": null
  },
  {
    "Id": "1024244",
    "ThreadId": "376623",
    "Html": "Something wrong with my browser. Second duplicate post. I'd ask moderator to delete this post as well as duplicate above.<br />\n",
    "PostedDate": "2013-04-02T06:29:54.693-07:00",
    "UserRole": null,
    "MarkedAsAnswerDate": null
  },
  {
    "Id": "1024266",
    "ThreadId": "376623",
    "Html": "Both the client-side and the web client installers are both in the 1.1.1.0 release but you need to install the web access.\r<br />\n<br />\nThe process is documented in the release notes but it's not so easily discoverable: <a href=\"http://witcustomcontrols.codeplex.com/releases/view/99616\" rel=\"nofollow\">http://witcustomcontrols.codeplex.com/releases/view/99616</a>. \r<br />\n<br />\nI will try to review the documentation and see if we can improve this a bit.<br />\n",
    "PostedDate": "2013-04-02T06:57:37.123-07:00",
    "UserRole": null,
    "MarkedAsAnswerDate": null
  },
  {
    "Id": "1024674",
    "ThreadId": "376623",
    "Html": "<strong>MOlausson wrote:</strong><br />\n<blockquote>\nBoth the client-side and the web client installers are both in the 1.1.1.0 release but you need to install the web access.<br />\n<br />\nThe process is documented in the release notes but it's not so easily discoverable: <a href=\"http://witcustomcontrols.codeplex.com/releases/view/99616\" rel=\"nofollow\">http://witcustomcontrols.codeplex.com/releases/view/99616</a>. <br />\n<br />\nI will try to review the documentation and see if we can improve this a bit.<br />\n</blockquote>\nThanks a lot MOlausson for quick answer.<br />\n",
    "PostedDate": "2013-04-03T01:43:45.09-07:00",
    "UserRole": null,
    "MarkedAsAnswerDate": null
  }
]