[
  {
    "Id": "2396",
    "Title": "Feature idea: Custom rules control",
    "LatestDate": "2006-11-16T10:20:09.717-08:00"
  },
  {
    "Id": "3926",
    "Title": "New custom control - \"String concat field\"",
    "LatestDate": "2007-02-02T18:14:02.3-08:00"
  },
  {
    "Id": "7057",
    "Title": "Someone doing any custom controls they could share?",
    "LatestDate": "2007-02-06T13:51:37.09-08:00"
  },
  {
    "Id": "7199",
    "Title": "Referencing other fields in xml",
    "LatestDate": "2007-09-12T01:54:57.853-07:00"
  },
  {
    "Id": "7200",
    "Title": "Additional functionality to \"Duplicate\" control",
    "LatestDate": "2007-02-27T04:08:35.8-08:00"
  },
  {
    "Id": "7406",
    "Title": "How Do I Submit My Custom Controls",
    "LatestDate": "2007-06-29T14:20:29.53-07:00"
  },
  {
    "Id": "7654",
    "Title": "DependencyList Control",
    "LatestDate": "2007-02-27T09:18:06.04-08:00"
  },
  {
    "Id": "7660",
    "Title": "Control Suggestion - Contact Email Validation",
    "LatestDate": "2007-02-27T10:33:06.767-08:00"
  },
  {
    "Id": "7676",
    "Title": "Problems with new Process template Editor and Custom Control",
    "LatestDate": "2007-07-24T15:47:44.103-07:00"
  },
  {
    "Id": "9166",
    "Title": "Combobox control with DataSource?",
    "LatestDate": "2008-04-04T02:17:30.11-07:00"
  },
  {
    "Id": "11593",
    "Title": "Any releases?",
    "LatestDate": "2007-06-20T06:09:47.367-07:00"
  },
  {
    "Id": "12118",
    "Title": "Hyperlink Control would be nice",
    "LatestDate": "2007-11-06T16:30:14.26-08:00"
  },
  {
    "Id": "14919",
    "Title": "Installation Problem",
    "LatestDate": "2007-11-14T10:42:32.88-08:00"
  },
  {
    "Id": "16283",
    "Title": "Could not find any resources appropriate for the specified culture or the neutral culture.  ",
    "LatestDate": "2008-01-30T18:52:26.73-08:00"
  },
  {
    "Id": "16457",
    "Title": "Populate Multivalue Control from datasource.",
    "LatestDate": "2007-10-16T16:25:17.32-07:00"
  },
  {
    "Id": "16493",
    "Title": "Replicating the existing Iteration Path control",
    "LatestDate": "2007-10-15T23:04:38.863-07:00"
  },
  {
    "Id": "20179",
    "Title": "Screenshot CC: Only greyed out",
    "LatestDate": "2008-01-09T12:08:20.813-08:00"
  },
  {
    "Id": "20631",
    "Title": "Multivalue control and reporting (datawarehouse)",
    "LatestDate": "2008-01-17T08:36:05.747-08:00"
  },
  {
    "Id": "21640",
    "Title": "Cannot edit Work Item type with custom control",
    "LatestDate": "2008-02-20T04:12:59.787-08:00"
  },
  {
    "Id": "23790",
    "Title": "Controlling the size of the control",
    "LatestDate": "2008-04-10T12:37:48.57-07:00"
  },
  {
    "Id": "23834",
    "Title": "Please help with Installation",
    "LatestDate": "2008-04-10T12:11:57.93-07:00"
  },
  {
    "Id": "24285",
    "Title": "MultiValueControl Problem",
    "LatestDate": "2008-04-10T12:31:56.747-07:00"
  },
  {
    "Id": "26214",
    "Title": "TSWA Installation Difficulties",
    "LatestDate": "2010-10-31T10:17:13.017-07:00"
  },
  {
    "Id": "27127",
    "Title": "Multivalue Control with Team Members",
    "LatestDate": "2008-05-05T17:14:07.523-07:00"
  },
  {
    "Id": "27425",
    "Title": "Getting Selected WorkItem Id",
    "LatestDate": "2008-05-09T07:42:02.707-07:00"
  },
  {
    "Id": "28451",
    "Title": "Can't get it to work for some reason...",
    "LatestDate": "2008-06-02T06:19:21.28-07:00"
  },
  {
    "Id": "30359",
    "Title": "Custom Controls in Team System Web Access",
    "LatestDate": "2008-06-30T16:20:27.953-07:00"
  },
  {
    "Id": "30540",
    "Title": "Installation Problems Part II",
    "LatestDate": "2008-07-03T16:28:14.717-07:00"
  },
  {
    "Id": "33864",
    "Title": "TFS 2008 & mixed clients (VS2005 & VS2008)",
    "LatestDate": "2008-08-19T23:02:07.917-07:00"
  },
  {
    "Id": "34432",
    "Title": "Using a Global List with the Multiple Value Control",
    "LatestDate": "2009-05-28T13:35:44.273-07:00"
  },
  {
    "Id": "36221",
    "Title": "List of Multiple Selections into DB as relational data",
    "LatestDate": "2008-09-22T13:22:35.933-07:00"
  },
  {
    "Id": "44701",
    "Title": "Custom Control on Windows 7",
    "LatestDate": "2009-01-20T10:51:43.973-08:00"
  },
  {
    "Id": "50779",
    "Title": "MultiValue Control",
    "LatestDate": "2009-05-21T12:01:04.797-07:00"
  },
  {
    "Id": "51263",
    "Title": " Web browser control",
    "LatestDate": "2010-02-23T08:26:57.207-08:00"
  },
  {
    "Id": "52728",
    "Title": "controlling users from manually entering values",
    "LatestDate": "2009-04-08T13:18:08.143-07:00"
  },
  {
    "Id": "57356",
    "Title": "Multi Value Control Issues",
    "LatestDate": "2010-06-07T16:57:40.443-07:00"
  },
  {
    "Id": "59679",
    "Title": "Multivalue control string restriction",
    "LatestDate": "2010-01-05T02:45:21.91-08:00"
  },
  {
    "Id": "209164",
    "Title": "AllowedValues",
    "LatestDate": "2010-04-15T10:52:43-07:00"
  },
  {
    "Id": "211914",
    "Title": "TFS WebAccess",
    "LatestDate": "2010-05-07T06:27:48.017-07:00"
  },
  {
    "Id": "213473",
    "Title": "Custom control to display files modified with a particular work item",
    "LatestDate": "2010-05-21T15:24:10.237-07:00"
  },
  {
    "Id": "215736",
    "Title": "How to Create Web Access Custom Controls?",
    "LatestDate": "2010-07-14T02:11:28.717-07:00"
  },
  {
    "Id": "218938",
    "Title": "TFS/VS 2010 Workitem Controls?",
    "LatestDate": "2010-09-30T23:10:26.08-07:00"
  },
  {
    "Id": "242702",
    "Title": "MultiValueControl for Team WebAccess",
    "LatestDate": "2013-01-23T11:24:30.223-08:00"
  },
  {
    "Id": "243238",
    "Title": "Creating a grid control",
    "LatestDate": "2011-08-14T13:16:51.267-07:00"
  },
  {
    "Id": "272257",
    "Title": "Scrum user stories",
    "LatestDate": "2011-09-12T01:44:44.013-07:00"
  },
  {
    "Id": "274999",
    "Title": "Feature idea: Inline Pictures for Bugs",
    "LatestDate": "2011-10-06T08:39:07.38-07:00"
  },
  {
    "Id": "283450",
    "Title": "How to sort allowed items in desc order",
    "LatestDate": "2011-12-19T03:56:53.953-08:00"
  },
  {
    "Id": "284392",
    "Title": "ReadOnly (or Empty)",
    "LatestDate": "2011-12-28T12:04:21.347-08:00"
  },
  {
    "Id": "351338",
    "Title": "MultiValueControl and Required",
    "LatestDate": "2012-04-05T09:22:16.94-07:00"
  },
  {
    "Id": "355241",
    "Title": "Accessing custom controls from client machine",
    "LatestDate": "2012-11-26T09:37:41.213-08:00"
  },
  {
    "Id": "359877",
    "Title": "TFS WI custom control - set focus to a field",
    "LatestDate": "2012-06-17T01:27:14.277-07:00"
  },
  {
    "Id": "360275",
    "Title": "MultiValue - ERROR",
    "LatestDate": "2012-06-20T02:08:34.907-07:00"
  },
  {
    "Id": "376623",
    "Title": "Custom Controls Update for Visual Studio/TFS 2012",
    "LatestDate": "2013-04-03T01:43:45.09-07:00"
  },
  {
    "Id": "388254",
    "Title": "Multi Value Control throws null reference in the web version",
    "LatestDate": "2012-07-24T14:54:17.08-07:00"
  },
  {
    "Id": "434440",
    "Title": "TFS team web access multi level control configuration",
    "LatestDate": "2013-02-25T08:55:08.113-08:00"
  },
  {
    "Id": "435923",
    "Title": "Failed to load MultiValueControl control. Value cannot be null.",
    "LatestDate": "2014-08-20T03:52:22.08-07:00"
  },
  {
    "Id": "435941",
    "Title": "where can i get the correct zip file for TFS 2010?",
    "LatestDate": "2013-03-08T12:16:44.04-08:00"
  },
  {
    "Id": "438175",
    "Title": "create custom control for tfs work items that pulls from TFS collection database",
    "LatestDate": "2013-03-27T07:36:01.817-07:00"
  },
  {
    "Id": "438221",
    "Title": "Custom Controls in SharePoint",
    "LatestDate": "2013-03-27T12:03:58.687-07:00"
  },
  {
    "Id": "439798",
    "Title": "Hierarchical \"TreeView\" Control for WI types",
    "LatestDate": "2013-04-10T08:03:28.29-07:00"
  },
  {
    "Id": "444654",
    "Title": "Rework control",
    "LatestDate": "2013-05-22T13:19:19.613-07:00"
  },
  {
    "Id": "450326",
    "Title": "WebpageControl Script Errors",
    "LatestDate": "2013-07-18T10:30:55.353-07:00"
  },
  {
    "Id": "451807",
    "Title": "TFS Custom controls: MultiValue with a twist",
    "LatestDate": "2013-11-02T03:08:11.56-07:00"
  },
  {
    "Id": "452205",
    "Title": "Tfs 2012 Web Access inherit tfs control",
    "LatestDate": "2013-08-02T02:53:32.127-07:00"
  },
  {
    "Id": "453190",
    "Title": "custom control to set Assigned To field",
    "LatestDate": "2013-08-12T11:13:16.123-07:00"
  },
  {
    "Id": "453984",
    "Title": "NotesControl.wicc in MTM 2012.",
    "LatestDate": "2013-08-20T11:15:54.41-07:00"
  },
  {
    "Id": "454107",
    "Title": "Global list support",
    "LatestDate": "2013-12-30T05:12:59.973-08:00"
  },
  {
    "Id": "468561",
    "Title": "Greyed Out Value for a ListItem",
    "LatestDate": "2013-11-22T05:28:43.95-08:00"
  },
  {
    "Id": "473524",
    "Title": "Error moving to 2013 version",
    "LatestDate": "2013-12-30T05:09:11.54-08:00"
  },
  {
    "Id": "478949",
    "Title": "Issue after upgrading to TFS 2013",
    "LatestDate": "2013-12-31T00:37:02.52-08:00"
  },
  {
    "Id": "516570",
    "Title": "Custom Work item Multi Value pack",
    "LatestDate": "2014-02-19T12:45:19.653-08:00"
  },
  {
    "Id": "532115",
    "Title": "TFS 2012 installation problem",
    "LatestDate": "2014-02-16T09:23:53.323-08:00"
  },
  {
    "Id": "532738",
    "Title": "Custome TFS work item control for SpellCheck",
    "LatestDate": "2014-02-19T01:30:59.487-08:00"
  },
  {
    "Id": "535814",
    "Title": "Multiselect checkbox custom control",
    "LatestDate": "2014-02-27T11:07:45.767-08:00"
  },
  {
    "Id": "537374",
    "Title": "Electronic Signature Custom Control",
    "LatestDate": "2014-03-06T07:49:07.873-08:00"
  },
  {
    "Id": "538667",
    "Title": "Multivalue control doesn't work in Web access - TFS 2012 or 2013",
    "LatestDate": "2014-03-14T08:17:14.263-07:00"
  },
  {
    "Id": "539534",
    "Title": "How to install Multivalue control on Web Access TFS 2013",
    "LatestDate": "2014-03-21T14:38:11.32-07:00"
  },
  {
    "Id": "539535",
    "Title": "Using Multivalue control with Team Explorer 2013",
    "LatestDate": "2014-03-21T16:44:25.947-07:00"
  },
  {
    "Id": "540717",
    "Title": "MultiSelect truncated on tab pages in webview",
    "LatestDate": "2014-08-20T03:51:45.063-07:00"
  },
  {
    "Id": "542246",
    "Title": "How do we get our Custom Controls to inherit the Visual Studio 2013 Theme styles?",
    "LatestDate": "2014-05-27T17:06:53.06-07:00"
  },
  {
    "Id": "547244",
    "Title": "MultiValue Control won't update itself when other fields change",
    "LatestDate": "2014-12-04T01:44:11.803-08:00"
  },
  {
    "Id": "548855",
    "Title": "Upgrade to TFS 2013 Broke Multi Value Control",
    "LatestDate": "2014-07-20T00:02:09.617-07:00"
  },
  {
    "Id": "551620",
    "Title": "MultiSelect in TFS 2010 Web Access",
    "LatestDate": "2014-07-17T11:22:33.54-07:00"
  },
  {
    "Id": "559934",
    "Title": "MultiValueControl Height",
    "LatestDate": "2014-08-12T13:10:24.96-07:00"
  },
  {
    "Id": "568139",
    "Title": "MultiValue control stopped working in web access",
    "LatestDate": "2014-09-23T01:49:05.24-07:00"
  },
  {
    "Id": "568298",
    "Title": "Does the MultiValue Control work with the SharePoint interface?",
    "LatestDate": "2014-09-28T14:10:05.437-07:00"
  },
  {
    "Id": "572867",
    "Title": "Add Attachment Count to Attachments Tab ",
    "LatestDate": "2014-11-22T07:50:40.22-08:00"
  },
  {
    "Id": "575984",
    "Title": "TFS 2013 Multi Value control error in MTM",
    "LatestDate": "2014-12-21T02:12:07.513-08:00"
  },
  {
    "Id": "630698",
    "Title": "Field Rule \"EMPTY\" is not working with Multi Value custom control in TFS 2013",
    "LatestDate": "2015-04-15T02:30:21.383-07:00"
  },
  {
    "Id": "637437",
    "Title": "Yout suggested Math expression Controller ...",
    "LatestDate": "2015-05-08T04:56:55.027-07:00"
  },
  {
    "Id": "638347",
    "Title": "TFS2015 WebAccess not working",
    "LatestDate": "2016-01-29T03:58:01.077-08:00"
  },
  {
    "Id": "641468",
    "Title": "MultiValueControl, cannot find dll or wicc",
    "LatestDate": "2015-07-16T11:41:21.307-07:00"
  },
  {
    "Id": "643900",
    "Title": "Any plan on creating the controls for VS 2015?",
    "LatestDate": "2015-08-19T02:04:44.093-07:00"
  },
  {
    "Id": "644604",
    "Title": "WHEN condition in MV Custom Control. ",
    "LatestDate": "2015-09-04T10:31:08.37-07:00"
  },
  {
    "Id": "651360",
    "Title": "TFS 2015 Update 2",
    "LatestDate": "2016-06-28T10:40:22.62-07:00"
  },
  {
    "Id": "653251",
    "Title": "Reverse installation steps of Control extension.",
    "LatestDate": "2016-05-05T01:52:29.597-07:00"
  },
  {
    "Id": "654165",
    "Title": "TFS 2013 have no checkboxes on web",
    "LatestDate": "2016-05-05T01:20:22.143-07:00"
  },
  {
    "Id": "656007",
    "Title": "TFS 2015 Update 3",
    "LatestDate": "2016-08-31T06:42:59.873-07:00"
  },
  {
    "Id": "657521",
    "Title": "Multivaluelist control in TFS 2015 - Update 3  - works sort of",
    "LatestDate": "2016-11-22T23:56:38.447-08:00"
  },
  {
    "Id": "658356",
    "Title": "MultiValue Control - Select more then 2",
    "LatestDate": "2016-12-17T09:59:07.303-08:00"
  },
  {
    "Id": "659316",
    "Title": "Multivaluecontrol selecting more than 1 item",
    "LatestDate": "2016-11-10T11:12:56.61-08:00"
  },
  {
    "Id": "660373",
    "Title": "TFS Multivalue Control",
    "LatestDate": "2016-12-28T13:41:33.5-08:00"
  },
  {
    "Id": "660646",
    "Title": "Don't display whole world in dropdownlist via TFS2015.2 + 1.3.2.1",
    "LatestDate": "2017-01-11T22:14:58.403-08:00"
  },
  {
    "Id": "660998",
    "Title": "tfs custom server controls",
    "LatestDate": "2017-01-27T12:59:34.16-08:00"
  },
  {
    "Id": "661772",
    "Title": "How to deploy Web MultiValueControl on TFS 2017?",
    "LatestDate": "2017-06-15T07:35:44.71-07:00"
  },
  {
    "Id": "661813",
    "Title": "Does WITCustomControl 1.3.25 work on VS2017 and TFS 2015 update3",
    "LatestDate": "2017-06-21T07:19:09.153-07:00"
  },
  {
    "Id": "663928",
    "Title": "Multivalue control - I can't make it work",
    "LatestDate": "2017-10-26T08:04:38.127-07:00"
  }
]