[
  {
    "Id": "1335273",
    "ThreadId": "575984",
    "Html": "Hi,\r<br />\nI've installed the TFS 2013 MultiValue control locally and it worked well in MTM. \r<br />\nHowever, I tried to open a Bug while running a test and in the Bug work item (where I have 2 multi value fields) one of the controls work ed well but the other control was grayed out with the message &quot;Object reference not set To n Instance of an object&quot;. \r<br />\nAfter that I tried to open a Bug in MTM (which work ed well before) and both controls were grayed out with the same error message.\r<br />\nAfter restarting MTM the controls were working well in regular bug creation process but the issue in the second control while creating a Bug during a Test Run happened again and I had to restart MTM once again.\r<br />\nCan you please advise?\r<br />\nThanks,\r<br />\nOmer<br />\n",
    "PostedDate": "2014-12-21T02:12:07.513-08:00",
    "UserRole": null,
    "MarkedAsAnswerDate": null
  }
]