[
  {
    "Id": "23929",
    "ThreadId": "7406",
    "Html": "\r\nHi, I have written a couple of custom TFS controls and would like to submit them to this project.<br />Could you please let me know how I can gain access to the source control of this team project.<br />I have written a base class for custom controls, a control that allows storing of multiple user entered values and a control that allows multiple selection of areas and iterations.<br />",
    "PostedDate": "2007-02-19T09:27:05.473-08:00",
    "UserRole": null,
    "MarkedAsAnswerDate": null
  },
  {
    "Id": "24827",
    "ThreadId": "7406",
    "Html": "\r\nHi, Thanks for the contribution. I will work with you offline to go over the code. <br />Naren<br />",
    "PostedDate": "2007-02-26T13:26:46.117-08:00",
    "UserRole": null,
    "MarkedAsAnswerDate": null
  },
  {
    "Id": "39033",
    "ThreadId": "7406",
    "Html": "\r\nI don't see any action here, that is no source code.  Does that mean nobody is developing custom controls?  I have been working on my own custom workitem controls and I'm hungry to see more examples.<br />",
    "PostedDate": "2007-06-29T14:20:29.53-07:00",
    "UserRole": null,
    "MarkedAsAnswerDate": null
  }
]