[
  {
    "Id": "52759",
    "ThreadId": "16283",
    "Html": "\r\nI installed the downloaded WitCustomControlSetup.msi and then tried to test a multivalue control as outlined here and alas get this message when I try to add a new bug which contains the control:<br /><br />---------------------------<br />Microsoft Visual Studio<br />---------------------------<br />Could not find any resources appropriate for the specified culture or the neutral culture.  Make sure \"Microsoft.TeamFoundation.WorkItemTracking.MultiValueCustomControl.MultiValueResource.resources\" was correctly embedded or linked into assembly \"CodePlex.WitCustomControls\" at compile time, or that all the satellite assemblies required are loadable and fully signed.<br />---------------------------<br />OK   <br />---------------------------<br /><br />It's chinese to me. What does this mean? <br />",
    "PostedDate": "2007-10-10T21:33:43.967-07:00",
    "UserRole": null,
    "MarkedAsAnswerDate": null
  },
  {
    "Id": "53834",
    "ThreadId": "16283",
    "Html": "\r\nWell I had the same issue, so I had to get the latest version and check it out.<br /><br />The issue is from the MultiValueResource.resx file, to resolve it, just copy its content, remove the file and the MultiValueResource.Designer.cs and create a new file with the same name, paste the content once again in it.<br /><br />You'll also need to add using CodePlex.WitCustomControls.MultiValueControl to the MultiValueControl.cs for those changes.<br /><br />Hope that will help.<br /><br />Regards<br />",
    "PostedDate": "2007-10-18T00:58:03.267-07:00",
    "UserRole": null,
    "MarkedAsAnswerDate": null
  },
  {
    "Id": "54010",
    "ThreadId": "16283",
    "Html": "\r\nAbadawi,<br /><br />Thanks enormously. In fact all I did was get the latest source and try again and the problem was gone. Didn't need to do any other trickery. It seems it was a transient bug in the downloadable implementation. All is good now and it works.<br />",
    "PostedDate": "2007-10-18T20:32:41.22-07:00",
    "UserRole": null,
    "MarkedAsAnswerDate": null
  },
  {
    "Id": "70496",
    "ThreadId": "16283",
    "Html": "\r\nJust as a related note, I also got this message (with the latest release)<br /><br />I traced it and it given an error in the catch exception of the InvalidateDatasource() method <br />                catch (Exception ex)<br />                {<br />                    MessageBox.Show(ex.Message, MultiValueResource.MultiValueControl, MessageBoxButtons.OK, MessageBoxIcon.Error);<br />                }<br />            }<br />        }<br /><br />So I read the install instructions carefully and I found that my WI defintion was incorrect. First my first value was missing a [. and the second thing is that I doing AllowedValues, instead of SuggestedValues.<br /><br /><br />",
    "PostedDate": "2008-01-28T19:54:03.547-08:00",
    "UserRole": null,
    "MarkedAsAnswerDate": null
  },
  {
    "Id": "70940",
    "ThreadId": "16283",
    "Html": "\r\nThere was some problems with migrating this control. I have removed the resx file and used a static class now. This should eliminate the problem. <br /><br />Thank you for reporting this.<br />",
    "PostedDate": "2008-01-30T18:52:26.73-08:00",
    "UserRole": null,
    "MarkedAsAnswerDate": null
  }
]