[
  {
    "Id": "1493814",
    "ThreadId": "661813",
    "Html": "Hello,\r<br />\n<br />\nI have TFS version - 2015 and update 3\r<br />\n<br />\nVisual studio version 2017\r<br />\n<br />\nI've installed latest of of WITCustomControl (1.3.2.5) to populate the values that I have for custom control.\r<br />\n<br />\nError message is - Could not find a part of the path 'C:\\ProgramData\\Microsoft\\Team Foundation\\Work Item Tracking\\Custom Controls\\15.0\\MultiValueControl.wicc'.\r<br />\n<br />\nDoes anyone else experience this and found a workaround?<br />\n",
    "PostedDate": "2017-03-09T08:00:19.4-08:00",
    "UserRole": null,
    "MarkedAsAnswerDate": null
  },
  {
    "Id": "1493871",
    "ThreadId": "661813",
    "Html": "Me too. Same error with 2017<br />\n",
    "PostedDate": "2017-03-10T04:48:10.847-08:00",
    "UserRole": null,
    "MarkedAsAnswerDate": null
  },
  {
    "Id": "1494170",
    "ThreadId": "661813",
    "Html": "I was able to create a 2017 compatible version by<br />\n<ol>\n<li>download the source</li>\n<li>update the Team Services binaries to those referenced in the visual studio 2017 extensions folder</li>\n<li>\nupdate the installer to install to the \\15.0 folder instead of \\14.0<br />\n</li>\n</ol>\nI have uploaded my code as a patch, and hopefully it will be merged and released soon.<br />\n<br />\nIf you are brave, you can download it from the patches<br />\n<a href=\"https://witcustomcontrols.codeplex.com/SourceControl/list/patches\" rel=\"nofollow\">https://witcustomcontrols.codeplex.com/SourceControl/list/patches</a><br />\n",
    "PostedDate": "2017-03-16T12:53:02.36-07:00",
    "UserRole": null,
    "MarkedAsAnswerDate": "2017-03-23T09:55:40.04-07:00"
  },
  {
    "Id": "1494538",
    "ThreadId": "661813",
    "Html": "Thanks Dennis. That did help<br />\n",
    "PostedDate": "2017-03-23T09:55:29.493-07:00",
    "UserRole": null,
    "MarkedAsAnswerDate": null
  },
  {
    "Id": "1495787",
    "ThreadId": "661813",
    "Html": "I'm having a similar problem:\r<br />\n<br />\nCould not load file or assembly 'Microsoft.TeamFoundation.WorkItemTracking.Controls, Version=14.0.0.0, Culture=neutral, PublicKeyToken=b03f5f7f11d50a3a' or one of its dependencies. The system cannot find the file specified.\r<br />\n<br />\nI'm currently using visual studio 2017. Would the same solution above work for me? I may need to have step 2 spelled out a bit more.<br />\n",
    "PostedDate": "2017-04-25T12:17:45.817-07:00",
    "UserRole": null,
    "MarkedAsAnswerDate": null
  },
  {
    "Id": "1497143",
    "ThreadId": "661813",
    "Html": "Thanks Dennis. It worked for me.<br />\n",
    "PostedDate": "2017-06-21T07:19:09.153-07:00",
    "UserRole": null,
    "MarkedAsAnswerDate": null
  }
]