[
  {
    "Id": "454453",
    "ThreadId": "215736",
    "Html": "I'm trying to create a custom control for use in TFS 2010 Web Access. \r\n<br><br>\r\nI don't know where to start and I'm just hitting a brick wall over and over again. The only information I've been able to find online is that I should install the SDK and look at the samples. I've installed the SDK and can't find any samples!\r\n<br><br>\r\nAs far as I can figure out I need to create a class that inherits System.Web.UI.WebControls.WebControl and implements both Microsoft.TeamFoundation.WorkItemTracking.Controls.IWorkItemControl and Microsoft.TeamFoundation.WebAccess.WorkItemTracking.Controls.IWorkItemWebControl but I don't know if that information is accurate for TFS 2010 or not.\r\n<br><br>\r\nThe best example I've found so far is here: http://mikedoyon.blogspot.com/2009/05/team-system-web-access-time-entry-host.html but that's for an older version of TFS and I don't know if it's all still true for 2010 or not.\r\n<br><br>\r\nPlease, please, please can someone point me in the right direction of some documentation and/or working sample code for creating custom controls for TFS 2010 Web Access?",
    "PostedDate": "2010-06-11T08:11:41.873-07:00",
    "UserRole": null,
    "MarkedAsAnswerDate": null
  },
  {
    "Id": "467007",
    "ThreadId": "215736",
    "Html": "<p>Check this forum post: <a href=\"http://social.msdn.microsoft.com/Forums/en-US/tfsworkitemtracking/thread/c572a41c-7351-4cf0-a223-8d799ab19a2a\">http://social.msdn.microsoft.com/Forums/en-US/tfsworkitemtracking/thread/c572a41c-7351-4cf0-a223-8d799ab19a2a</a></p>\r\n<p>Hope this helps.<br>Hayder</p>",
    "PostedDate": "2010-07-13T15:43:31.127-07:00",
    "UserRole": null,
    "MarkedAsAnswerDate": null
  },
  {
    "Id": "467150",
    "ThreadId": "215736",
    "Html": "lol thanks Hayder, but I made that post! :)\r\n\r\nI'm up and running now.\r\n\r\nTo anyone who comes across this thread trying to do what I was trying to do then follow Hayder's link above.\r\n\r\nCheers,\r\nRob",
    "PostedDate": "2010-07-14T02:11:28.717-07:00",
    "UserRole": null,
    "MarkedAsAnswerDate": null
  }
]