[
  {
    "Id": "1484947",
    "ThreadId": "658356",
    "Html": "so im using WitCustomControlSetup2015-1.3.2.1 since the most recent version 1.3.2.4 doesnt work with MultiValue Control in Web Access.\r<br />\n<br />\nhowever is there any way to display more then 2 selected values in the specific field?\r<br />\nwhen i select more then 2 the enumeration gets replaced by &quot;3 selected&quot; and tbh since i went through the effort to get a multi value control i would have expected to select more then 2 without it being replaced no offence.\r<br />\n<br />\ngreetings Maria<br />\n",
    "PostedDate": "2016-09-29T07:16:45.067-07:00",
    "UserRole": null,
    "MarkedAsAnswerDate": null
  },
  {
    "Id": "1490004",
    "ThreadId": "658356",
    "Html": "Hi Maria,<br />\n<br />\nThere is an unknown feature in the MultiValue Control that might solve your problem.<br />\n<br />\nThat feature is an autocomplete behavior that lets you see all the selecte values like this:<br />\n<br />\nWeb Access:<br />\n<br />\n<img src=\"http://i.imgur.com/iyUFl2C.png\" alt=\"Image\" /><br />\n<br />\nVisual Studio:<br />\n<img src=\"http://i.imgur.com/6MdXyeI.png\" alt=\"Image\" /><br />\n<br />\nTo configure your workitem control with the power tools, you just need to add the &quot;behavior&quot; attribute with a value of &quot;autocomplete&quot;:<br />\n<img src=\"http://i.imgur.com/0MHz2JZ.png\" alt=\"Image\" /><br />\n<br />\nOr, if you do it with XML the configuration would be something like this:<br />\n<pre><code>&lt;Control FieldName=&quot;yourFieldName&quot; Type=&quot;MultiValueControl&quot; Label=&quot;YourLabel:&quot; \n LabelPosition=&quot;Left&quot; Behavior=&quot;autocomplete&quot;&gt;\n   &lt;CustomControlOptions /&gt;\n&lt;/Control&gt;\n</code></pre>\n\nI you are interrested, there is also another less known behavior that lets you feed the MultiValue Control with values from an external URL but there are some road blocks for TFS2017 I think...<br />\n<br />\nRegards<br />\n<br />\nStéphane<br />\n",
    "PostedDate": "2016-12-17T09:59:07.303-08:00",
    "UserRole": null,
    "MarkedAsAnswerDate": null
  }
]