[
  {
    "Id": "1028476",
    "ThreadId": "439798",
    "Html": "Sorry if I missed any previous discussion on this, but I was curious if a hierarchical &quot;treeview&quot; type of control for use with WI types is being considered, actively developed, etc. as part of this project?  I am thinking something that works like the built in control for Areas and Iterations.  If this is not being considered, does anyone know of any existing ones others may have created?<br />\n",
    "PostedDate": "2013-04-10T08:03:28.29-07:00",
    "UserRole": null,
    "MarkedAsAnswerDate": null
  }
]