[
  {
    "Id": "1224613",
    "ThreadId": "539534",
    "Html": "We're new to this project and we're running TFS 2013 and VS 2013. \r<br />\n<br />\nEveryone using Visual Studio can see the multivalue control -- no problem.\r<br />\n<br />\nOur web access, on the other hand, is not showing the control's value. Instead it shows &quot;Cannot create work item control of type &quot;MultiValueControl&quot;&quot;.\r<br />\n<br />\nWhat do I have to do to install the control for the web access page?<br />\n",
    "PostedDate": "2014-03-19T16:17:59.267-07:00",
    "UserRole": null,
    "MarkedAsAnswerDate": null
  },
  {
    "Id": "1225379",
    "ThreadId": "539534",
    "Html": "Hi MADCookie,\r<br />\n<br />\nIn the .zip file you downloaded, there should have been a zip file names &quot;CodePlex.WitCustomControls.MultiValueControl2013.zip&quot;\r<br />\n<br />\nThat's the file you need to upload to your TFS server.\r<br />\n<br />\nTo do so you need administrative privileges on the server.  Then, simply open Web Access and click on the gear icon in the upper left corner.  The new page should show you a tab labeled &quot;Extensions&quot;.  Click that and then click on the upload button to select the zip file.  You need to enable the extension to have it show on your work item.\r<br />\n<br />\nStephane<br />\n",
    "PostedDate": "2014-03-21T14:38:11.32-07:00",
    "UserRole": null,
    "MarkedAsAnswerDate": "2014-06-18T13:20:07.76-07:00"
  }
]