[
  {
    "Id": "72105",
    "ThreadId": "21640",
    "Html": "\r\nWe have recently upgraded our TFS/TeamExplorer from 2005 to 2008. <br /><br />In one of our Work Item Types, there was a custom control, inserted by hand in the XML (using notepad). The WIT was working fine.<br />Using Team Explorer 2008, I think we should now be able to edit WIT containing custom controls with the Server PowerTools, isn't ?<br /><br />However, trying to do so, I get the message : <br />  There was a problem loading the work tem type definition: ...<br />  Instance Validation error :'OurCustomControl' is not a valid value for ValidControlsType.<br /><br />The event Log contains<br />    Instance validation error: 'OurCustomControl' is not a valid value for ValidControlsType.<br />   at Microsoft.TeamFoundation.ProcessTools.TemplateEditor.Common.Utilities.LoadObject(String fileName, Object target)<br />   at Microsoft.TeamFoundation.ProcessTools.TemplateEditor.BusinessObjects.WorkItemTypeDefinition.WorkItemTypeDefinition.Load(FileInfo workItemTypeDefinitionFile)<br />   at Microsoft.TeamFoundation.ProcessTools.TemplateEditor.TemplateEditorControls.ucWorkItemTypeDefinition.OpenFromFile(String fileName)<br /><br />If I validate the WIT with witimport.exe /v, I don\"t get any error ?!<br /><br />I know that this error was quite common before the 2005 SP1. But as we have now upgraded to 2008, I don't see the origin of this problem.<br />I have checked all the Microsoft.TeamFoundation.Client.dll and they all have File Version \"9.0.21022.8\".<br /><br />Notice: I exported the WIT from the TFS before editing it because, if I do an \"Open WIT from server\", I get the following error:<br />\"There was a problem loading the work item type definition: there is an error in XML document\"<br /><br />The worst is that I can't even not reimport the XML file that I have just  exported from the project (I mean, without having even touched this file).<br /><br />Notice also: the assembly with the Custom Control (as well as its .wicc file) are well located in \"All Users\\Application Data\\Microsoft\\Team Foundation\\Work Item Tracking\\Custom Controls\".<br /><br />Is there anybody who could help me on finding the issue there ?<br /><br />V.<br />",
    "PostedDate": "2008-02-06T08:02:17.413-08:00",
    "UserRole": null,
    "MarkedAsAnswerDate": null
  },
  {
    "Id": "75185",
    "ThreadId": "21640",
    "Html": "\r\nI can actually reimport the WIT with witimport.exe... <br /><br />If I do changes manually in the XML files before importing them back, these changes are reflected on TFS.<br />So the problem seems to be related to the Server PowerTools...<br /><br />V.<br />",
    "PostedDate": "2008-02-20T04:12:59.787-08:00",
    "UserRole": null,
    "MarkedAsAnswerDate": null
  }
]