[
  {
    "Id": "1414218",
    "ThreadId": "630698",
    "Html": "TFS 2013 supports the rule EMPTY which can be used to hide the filed based on other field selection. But if we apply this rule for the multi value control field, the filed is not hidden. Instead frozen field is displayed. \r<br />\nIt is an issue with the custom control. Could any one help me to resolve the issue. What needs to be modified in the Custom control?<br />\n",
    "PostedDate": "2015-04-15T02:30:21.383-07:00",
    "UserRole": null,
    "MarkedAsAnswerDate": null
  }
]