[
  {
    "Id": "87661",
    "ThreadId": "26214",
    "Html": "\r\nHi!<br /><br />I'm hoping someone can help..  I'm making myself crazy here!<br /><br />The idea of the screenshot control got my QA guys just drooling.  They want it bad!  So I downloaded the source and started reading up on it.  Our dev team is kind of straddled in between VSTS 2005 and 2008 here...  Until we're all on the same version, I didn't fancy the thought of maintaining two versions of these fun things..  Additionally, we do a bit of off-shore work, so adding this to everyone's desktops is a bit tedious.  Apparently, the 2008 version of Web Access supports custom controls, so a decision was made to make this control veiwable only through that tool.<br /><br />So, I was able to open up the source and pull in the 2008 .dlls, build the source, and install on my desktop.  That was fine.  I brought the control into my bug template and saw it render happily on my client.  Wee! <br /><br />I ran that same installation on the server, modified the web.config file for TSWA to point to the .wicc path, but no luck.  I am able to change the web.config to get different error messages - but the one that comes up most frequently is as follows:<br /><br />Exception: {<br />Exception Message: Unable to load custom control manifest for 'ScreenshotControl'. (type WorkItemFormException)<br /><br />Exception Stack Trace:    at Microsoft.TeamFoundation.WebAccess.WorkItemTracking.Controls.ControlFactory.GetCustomControlType(String controlName)<br />   at Microsoft.TeamFoundation.WebAccess.WorkItemTracking.Controls.ControlFactory.CreateCustomControl(ControlDefinition controlDefinition)<br />   at Microsoft.TeamFoundation.WebAccess.WorkItemTracking.Controls.ControlElement.CreateWorkItemControl()<br />   at Microsoft.TeamFoundation.WebAccess.WorkItemTracking.Controls.ControlElement.BuildWebControl()<br /> }<br /><br />I read through the documentation delivered with the TSWA system...  According to that, the Microsoft.TeamFoundation.WebAccess.WorkItemTracking.dll needed to be referenced as well...   Would that be true?  Do these controls need to be rewritten to include the IWorkItemWebControl logic?  Or is there an easier way to implement this?<br /><br />Any clues?  Any suggestions?  Anything?  :)<br /><br />Thanks so much!<br />Jennifer:)<br />",
    "PostedDate": "2008-04-18T14:13:58.967-07:00",
    "UserRole": null,
    "MarkedAsAnswerDate": null
  },
  {
    "Id": "87882",
    "ThreadId": "26214",
    "Html": "\r\nHi,<br /><br />Unfortunatly this control only works for Visual Studio hosted work items. In TSWA there's support for custom controls but they use a slightly different API. I might be able to work something out for TSWA if you're really interested. Otherwise you'll have to use VS for there work items.<br /><br />Regards,<br />Mathias<br />",
    "PostedDate": "2008-04-20T11:31:54.15-07:00",
    "UserRole": null,
    "MarkedAsAnswerDate": null
  },
  {
    "Id": "88033",
    "ThreadId": "26214",
    "Html": "<br />Awww shucks!  I was afraid that was going to be the answer.<br /><br />If you would be able to throw something together that would work in TSWA, we would very much appreciate it!  Our QA team is greatly concerned about application testers outside of the development department.  We want to minimize the distribution of the full VS client - that really is far more application than a casual tester would require.  They are telling me that since their current bug tracking software does an automatic capture of screenshots, that any replacement needs to as well.  They're putting this lack of functionality in the 'showstopper' category.  <br /><br />So yes - any help would be much appreciated!<br /><br />Thanks so much!<br />Jennifer:)<br />",
    "PostedDate": "2008-04-21T07:28:19.877-07:00",
    "UserRole": null,
    "MarkedAsAnswerDate": null
  },
  {
    "Id": "88107",
    "ThreadId": "26214",
    "Html": "\r\n&lt;--- not a developer<br /><br />yes, im also looking for the same thing... desktop client + web access of the current custom controls in one installer... : )      <br /><br />much thanks..<br />",
    "PostedDate": "2008-04-21T12:34:34.42-07:00",
    "UserRole": null,
    "MarkedAsAnswerDate": null
  },
  {
    "Id": "90820",
    "ThreadId": "26214",
    "Html": "\r\nHi!<br /><br />I was just wondering if any progress was happening in the effort to port this control to a format supported by TSWA?<br /><br />I've been trying to do this myself, but must admit - I'm getting kind of lost.  The control uses so much of the Windows.Forms library.  Is there any easy way to port that to a System.Web.UI supported format?  I started out just trying to implement the Team Web Access interfaces, but that doesn't seem to be as easy as it sounds.  :(<br /><br />Can you help?  Please? :)<br /><br />Thanks much!<br />Jennifer:)<br />",
    "PostedDate": "2008-05-06T11:54:36.753-07:00",
    "UserRole": null,
    "MarkedAsAnswerDate": null
  },
  {
    "Id": "92251",
    "ThreadId": "26214",
    "Html": "<p>Hi Jennifer,</p>\r\n<p>I've been completly drowned in work lately. I think I'll have some time next week to look at converting the control to a web control. Would that still be of value to you then?</p>\r\n<p>// Mathias</p>\r\n<div style=\"border-right:medium none;padding-right:0.2em;border-top:#aaa 0.1em dotted;padding-left:0.2em;padding-bottom:0.2em;margin:1em 0em 2.5em 3em;border-left:medium none;padding-top:0.2em;border-bottom:#aaa 0.1em dotted;font-style:italic\"><br>\r\nchicadilly wrote:<br>\r\nHi!<br>\r\n<br>\r\nI was just wondering if any progress was happening in the effort to port this control to a format supported by TSWA?<br>\r\n<br>\r\nI've been trying to do this myself, but must admit - I'm getting kind of lost. The control uses so much of the Windows.Forms library. Is there any easy way to port that to a System.Web.UI supported format? I started out just trying to implement the Team Web Access interfaces, but that doesn't seem to be as easy as it sounds. :(<br>\r\n<br>\r\nCan you help? Please? :)<br>\r\n<br>\r\nThanks much!<br>\r\nJennifer:)<br>\r\n<br>\r\n<br>\r\n</div>\r\n<br>\r\n",
    "PostedDate": "2008-05-13T11:42:25.04-07:00",
    "UserRole": null,
    "MarkedAsAnswerDate": null
  },
  {
    "Id": "92327",
    "ThreadId": "26214",
    "Html": "<p>Hi Mathias,</p>\r\n<p>Oooh!  Yes indeed it would be of value!  The road I've been happening down is exploring implementing an ActiveX control to pick up the image data from the clipboard.  What started out to be an easy idea is getting more complicated.  It very well could be my approach, though..</p>\r\n<p>We've drawn up some work around solutions to not having the screen capture capability inside of the web browser..  But the guys aren't really happy with it.  They really want everything to be encapsulated in one neat package.  Of course - that is the ideal! :)</p>\r\n<p>Any help that you could give would be most welcome and greatly appreciated!<br>\r\nJennifer:)</p>\r\n<div style=\"border-right:medium none;padding-right:0.2em;border-top:#aaa 0.1em dotted;padding-left:0.2em;padding-bottom:0.2em;margin:1em 0em 2.5em 3em;border-left:medium none;padding-top:0.2em;border-bottom:#aaa 0.1em dotted;font-style:italic\"><br>\r\nMOlausson wrote:<br>\r\n<p>Hi Jennifer,</p>\r\n<p>I've been completly drowned in work lately. I think I'll have some time next week to look at converting the control to a web control. Would that still be of value to you then?</p>\r\n<p>// Mathias</p>\r\n</div>\r\n<br>\r\n",
    "PostedDate": "2008-05-13T16:56:40.31-07:00",
    "UserRole": null,
    "MarkedAsAnswerDate": null
  },
  {
    "Id": "515167",
    "ThreadId": "26214",
    "Html": "\r\n<p>Has there been any movement in making these controls work in TSWA? I really have a need for this the multi value control and it just doesn't work right now unless i'm missing a deployment and configuration step. I see a lot of this doesn't work comments\r\n and there was one that suggested i needed to copy the control files to the web access bin but that doesn't seem to work either. Appreciate your help. I would be willing to invest time in working on making this work for web access if you can point me in the\r\n right direction. Thanks...</p>\r\n<p>&nbsp;</p>\r\n<p>Jacob</p>\r\n",
    "PostedDate": "2010-10-31T10:17:13.017-07:00",
    "UserRole": null,
    "MarkedAsAnswerDate": null
  }
]