[
  {
    "Id": "1265947",
    "ThreadId": "551620",
    "Html": "Hi all, I have been going through all the current threads dealing with the Web Access for 2010, and I am still confused.  I have the 2010 install loaded on all client machines, and using the new multi select control is working just fine in both VS and Team Explorer Shell.<br />\n<br />\nHowever, I am stuck on the Web Access UI portion of this.  I have admin rights to the TFS server, and have installed the client msi there as well...VS and the shell work.  What do I need to do to get this working on the Web Access UI?  I cannot seem to find the directory location, nor the specific files noted here.  I could really appreciate the help on thi<br />\n",
    "PostedDate": "2014-07-15T09:35:13.683-07:00",
    "UserRole": null,
    "MarkedAsAnswerDate": null
  },
  {
    "Id": "1265948",
    "ThreadId": "551620",
    "Html": "I should also note that I really wish Team web access 2010 had an extensions manager like 2012 or 2013, then this would be simple and flawless :)<br />\n",
    "PostedDate": "2014-07-15T09:37:07.763-07:00",
    "UserRole": null,
    "MarkedAsAnswerDate": null
  },
  {
    "Id": "1273678",
    "ThreadId": "551620",
    "Html": "Hi,\r<br />\n<br />\nUnfortunately there was never a web implementation of the controls for 2010, since the extensibility model changed at the time we decided to only add support for 2012 and onwards. Hopefully you can upgrade your TFS and take advantage of the latest version of the control.\r<br />\n<br />\nMathias<br />\n",
    "PostedDate": "2014-07-17T11:22:33.54-07:00",
    "UserRole": null,
    "MarkedAsAnswerDate": "2014-08-20T03:53:44.02-07:00"
  }
]