[
  {
    "Id": "1463368",
    "ThreadId": "651360",
    "Html": "Hi,\r<br />\n<br />\nJust upgraded our test environment to the latest TFS 2015 Update 2 RC1 release and the multi value control is broken again :( i'm guessing this is because this update include a change to how work items are displayed meaning our multi select list doesn't get populated.\r<br />\n<br />\nWhen doing a refresh on a work item and running google chrome's Inspect tool, i get the following error:\r<br />\n&quot;Uncaught TypeError: Cannot read property 'readOnly' of undefined&quot; \r<br />\nthis i located in WorkItemTrackingJsCore apparently\r<br />\n<br />\nany ideas?\r<br />\n<br />\nThanks,\r<br />\nAndy<br />\n",
    "PostedDate": "2016-02-16T05:03:23.2-08:00",
    "UserRole": null,
    "MarkedAsAnswerDate": null
  },
  {
    "Id": "1472518",
    "ThreadId": "651360",
    "Html": "Hi Andy,\r<br />\n<br />\nA bit late to the party so I assume you've seen this release: <a href=\"https://witcustomcontrols.codeplex.com/releases/view/620316\" rel=\"nofollow\">https://witcustomcontrols.codeplex.com/releases/view/620316</a>. If not that should solve 2015.2 for you.<br />\n",
    "PostedDate": "2016-05-05T01:59:05.68-07:00",
    "UserRole": null,
    "MarkedAsAnswerDate": "2016-05-05T03:48:41.223-07:00"
  },
  {
    "Id": "1472520",
    "ThreadId": "651360",
    "Html": "Yes that version worked, I posted in Brian Harry's blog and someone updated and provided that release\r<br />\n<br />\nThanks!<br />\n",
    "PostedDate": "2016-05-05T02:02:00.72-07:00",
    "UserRole": null,
    "MarkedAsAnswerDate": null
  },
  {
    "Id": "1472530",
    "ThreadId": "651360",
    "Html": "Great to hear it worked for you!<br />\n",
    "PostedDate": "2016-05-05T03:48:33.38-07:00",
    "UserRole": null,
    "MarkedAsAnswerDate": null
  },
  {
    "Id": "1477505",
    "ThreadId": "651360",
    "Html": "Should this work for 14.95.25229.0 (Tfs2015.Update2.1)?  I installed on 2015 2.1 and it is not displaying any content in the drop down.  <br />\n",
    "PostedDate": "2016-06-28T10:40:22.62-07:00",
    "UserRole": null,
    "MarkedAsAnswerDate": null
  }
]