[
  {
    "Id": "1482380",
    "ThreadId": "657521",
    "Html": "So I was trying to get this to work with just using the Process Editor that comes with TFS Powertools. I was able to create the field that I wanted as well as the pick list.\r<br />\n<br />\nWhat I couldn't do was define the PreferredType in the Controlfield name. My work around was to save the file to the server, export the wit, edit the xml in notepad++ save the wit file and then use the Process editor to import the Wit.\r<br />\n<br />\nThe good news is that the control works as expected when using Visual Studio and you have the control installed on your PC. What doesn't work is using the Web interface. I just get the dropdown and no multiselect.\r<br />\n<br />\nDoes the Web interface support the multivaluecontrol on TFS 2015 Update 3 ?\r<br />\n<br />\nAny help would be greatly appreciated.<br />\n",
    "PostedDate": "2016-08-29T15:05:11.667-07:00",
    "UserRole": null,
    "MarkedAsAnswerDate": null
  },
  {
    "Id": "1482502",
    "ThreadId": "657521",
    "Html": "I tried a few of the other suggestions that I have found with using type and preferredtype  designations. for the control. but that didn't help with the Web view.\r<br />\n<br />\nIf seems when I define the type as MultiValueControl it works in VS but in Web, when I open the form that contains the control I get: Cannot create work item control of type &quot;MultiValueControl&quot;\r<br />\n<br />\nSo it appears to be an issue only with using TFS web. What I am not sure about is if the workstation that is viewing the webpage also needs the controls installed. The zip file I downloaded contains the WitCustomControlSetup2015.msi file that I assume should be installed on any workstation that has Visual Studio 2015 and the CodePlexWitCustomControls.MultiValueControl.zip is the extension that gets installed into TFS web.\r<br />\n<br />\nWhat am I missing here?\r<br />\n<br />\nPat<br />\n",
    "PostedDate": "2016-08-31T08:10:22.33-07:00",
    "UserRole": null,
    "MarkedAsAnswerDate": null
  },
  {
    "Id": "1482552",
    "ThreadId": "657521",
    "Html": "@PatDelaney, The latest version of the control refactored to support the new TFS &quot;15&quot;. For TFS 2015 can you try to use the older version <a href=\"http://witcustomcontrols.codeplex.com/releases/view/620316\" rel=\"nofollow\">http://witcustomcontrols.codeplex.com/releases/view/620316</a>. Let us know if this helps<br />\n",
    "PostedDate": "2016-08-31T14:16:37.797-07:00",
    "UserRole": null,
    "MarkedAsAnswerDate": null
  },
  {
    "Id": "1482612",
    "ThreadId": "657521",
    "Html": "Here is what I tested:\r<br />\nI replaced only the CodePlex.WitCustomControls.MultiValueContol.zip file on the App server. I did not change the MSI installer.\r<br />\n<br />\nVersion                      Result\r<br />\n1.3.2.4                        Cannot create work item control of type “MultiValueControl”\r<br />\n1.3.2.3                        Cannot create work item control of type “MultiValueControl”\r<br />\n1.3.2.2                        Cannot create work item control of type “MultiValueControl”\r<br />\n1.3.2.1                        It works!\r<br />\n<br />\nSo 2 questions:  <br />\nIs it ok to run this older version of the Extension with the current version of the .msi file for Visual Studio?    <br />\nWhat else can I do to help you figure out the issue?\r<br />\n<br />\nThanks<br />\n",
    "PostedDate": "2016-09-01T05:50:57.343-07:00",
    "UserRole": null,
    "MarkedAsAnswerDate": null
  },
  {
    "Id": "1482631",
    "ThreadId": "657521",
    "Html": "So to be clear what release does TFS &quot;15&quot; represent. I am fairly new to TFS so some of the things that are reference in the site are not clear.\r<br />\n<br />\nThanks for your help so far.\r<br />\n<br />\nPat<br />\n",
    "PostedDate": "2016-09-01T08:36:28.25-07:00",
    "UserRole": null,
    "MarkedAsAnswerDate": null
  },
  {
    "Id": "1488585",
    "ThreadId": "657521",
    "Html": "TFS &quot;15&quot; means TFS 2017 RC1<br />\n",
    "PostedDate": "2016-11-22T10:24:30.06-08:00",
    "UserRole": null,
    "MarkedAsAnswerDate": null
  },
  {
    "Id": "1488627",
    "ThreadId": "657521",
    "Html": "the control does not drop dwn with TFS 2017 \r<br />\nAny idea what to do?<br />\n",
    "PostedDate": "2016-11-22T23:56:38.447-08:00",
    "UserRole": null,
    "MarkedAsAnswerDate": null
  }
]