[
  {
    "Id": "430387",
    "ThreadId": "209164",
    "Html": "<p>Hi,</p>\r\n<p>I imported this control in my TFS 2010 installation and it worked a treat. One thing I wanted to find out is that I was not able to make it work with AllowedValues and have to put in all values in the SuggestedValues. We kind of want to not allow users to be able to type anything but only select values from a list of pre-defined values.</p>\r\n<p>Is it something possible?</p>",
    "PostedDate": "2010-04-13T03:46:06.893-07:00",
    "UserRole": null,
    "MarkedAsAnswerDate": null
  },
  {
    "Id": "431577",
    "ThreadId": "209164",
    "Html": "<p>Not easily. the custom control is cannot be limited to allowed values because its appends multiple values together.. for example if the allowed values are:<br>[Vista]<br>[XP]<br>[7]</p>\r\n<p>then the system will&nbsp;<span style=\"text-decoration:underline\">not</span> accept&nbsp;&quot;[Vista];[XP]&quot; as an allowed value. That is&nbsp;why we provide the value list in the SuggestedValues and allow anything for that field. However you can do some validation in the custom control itself.&nbsp;I believe if you type in somthing that is not in the&nbsp;suggested values list, it will just get silently dropped. You can do more strict validation in the custom control itself in the FlushToDatasource call.</p>\r\n<p>Hope this helps.</p>",
    "PostedDate": "2010-04-15T10:52:43-07:00",
    "UserRole": null,
    "MarkedAsAnswerDate": null
  }
]