[
  {
    "Id": "553013",
    "ThreadId": "242702",
    "Html": "\r\n<p>Hi!</p>\r\n<p>I developed my own MultiValueControl for Team Webaccess and ran into a problem. As I wanted the same experience as the VS version of this control (a dropdown with checkboxes) I used some jQuery plugin.</p>\r\n<p>Now everything works fine except that I cannot get the plugin to work within WebAccess. I inject the jQuery library but I get the error that it does not exist.</p>\r\n<p>I already postet this issue on stackoverflow.com.</p>\r\n<p>Please take a look at it, as I would love to send you my full code to integrate the control into this open source library if you like!! I just want that wonderful control to work.</p>\r\n<p>The url to the thread is: <a href=\"http://stackoverflow.com/questions/4704639/customcontrol-for-team-webaccess-jquery-doesnt-work\">\r\nhttp://stackoverflow.com/questions/4704639/customcontrol-for-team-webaccess-jquery-doesnt-work</a></p>\r\n<p>If you'd like the code please contact me per email and I send you everything I have :)</p>\r\n<p>PLEASE HELP!!</p>\r\n",
    "PostedDate": "2011-01-20T23:36:26.98-08:00",
    "UserRole": null,
    "MarkedAsAnswerDate": null
  },
  {
    "Id": "562594",
    "ThreadId": "242702",
    "Html": "\r\n<p>Hi!</p>\r\n<p>I managed to finish my custom control. On stackoverflow I posted the solution to my problem. I do not know whether it is the best one, but it works.</p>\r\n<p>If anyone is interested in this control being integrated into this open source library please contact me and I will give you the code and setup files.</p>\r\n<p>There is only one little &quot;bug&quot; left which is that the css styles do not look perfect on web access. It would be nice if a css specialist could check that out or someone may give me a link or the name of a good tool which enables &quot;html gui debugging&quot; concerning\r\n css styles?</p>\r\n",
    "PostedDate": "2011-02-08T05:13:22.703-08:00",
    "UserRole": null,
    "MarkedAsAnswerDate": null
  },
  {
    "Id": "658092",
    "ThreadId": "242702",
    "Html": "<p>Very interested. Could you send me a way to download your control?</p>",
    "PostedDate": "2011-08-14T13:13:59.39-07:00",
    "UserRole": null,
    "MarkedAsAnswerDate": null
  },
  {
    "Id": "658994",
    "ThreadId": "242702",
    "Html": "<p>Hey allenfeinberg!</p>\r\n<p>You can download the full code from my skydrive:</p>\r\n<p>\"<a href=\"https://skydrive.live.com/?cid=7f3cbb45213a5b15&amp;id=7F3CBB45213A5B15%21187\">https://skydrive.live.com/?cid=7f3cbb45213a5b15&amp;id=7F3CBB45213A5B15%21187</a>#\"</p>\r\n<p>It's the \"WitCustomControls.Web.zip\" file! (please note the trailing # in the link above!)</p>\r\n<p>Sorry about the delay - I was on holiday. :)</p>\r\n<p>Hope it's not too late!</p>",
    "PostedDate": "2011-08-16T11:42:50.403-07:00",
    "UserRole": null,
    "MarkedAsAnswerDate": null
  },
  {
    "Id": "659211",
    "ThreadId": "242702",
    "Html": "\r\n<div dir=\"ltr\">Many Thanks! I'll take a look.<br>\r\n<br>\r\n<div>\r\n<div id=\"SkyDrivePlaceholder\"></div>\r\n<hr id=\"stopSpelling\">\r\nFrom: [email removed]<br>\r\nTo: [email removed]<br>\r\nDate: Tue, 16 Aug 2011 11:42:54 -0700<br>\r\nSubject: Re: MultiValueControl for Team WebAccess [WitCustomControls:242702]<br>\r\n<br>\r\nFrom: gentledepp<br>\r\n<div id=\"ecxThreadNotificationPostBody\">Hey allenfeinberg!<br>\r\nYou can download the full code from my skydrive:<br>\r\n&quot;<a href=\"https://skydrive.live.com/?cid=7f3cbb45213a5b15&id=7F3CBB45213A5B15!187\" target=\"_blank\">https://skydrive.live.com/?cid=7f3cbb45213a5b15&id=7F3CBB45213A5B15%21187</a>#&quot;<br>\r\nIt's the &quot;WitCustomControls.Web.zip&quot; file! (please note the trailing # in the link above!)<br>\r\nSorry about the delay - I was on holiday. :)<br>\r\nHope it's not too late!<br>\r\n</div>\r\n<div id=\"ecxThreadNotificationFooter\">Read the <a href=\"http://witcustomcontrols.codeplex.com/discussions/242702#post658994\" target=\"_blank\">\r\nfull discussion online</a>.<br>\r\nTo add a post to this discussion, reply to this email (<a href=\"mailto:WitCustomControls@discussions.codeplex.com?subject=[WitCustomControls:242702]\">WitCustomControls@discussions.codeplex.com</a>)<br>\r\nTo start a new discussion for this project, email <a href=\"mailto:WitCustomControls@discussions.codeplex.com\">\r\nWitCustomControls@discussions.codeplex.com</a><br>\r\nYou are receiving this email because you subscribed to this discussion on CodePlex. You can\r\n<a href=\"https://witcustomcontrols.codeplex.com/discussions/242702/unsubscribe/\" target=\"_blank\">\r\nunsubscribe</a> on CodePlex.com.<br>\r\nPlease note: Images and attachments will be removed from emails. Any posts to this discussion will also be available online at CodePlex.com<br>\r\n</div>\r\n</div>\r\n</div>\r\n",
    "PostedDate": "2011-08-16T21:35:05.28-07:00",
    "UserRole": null,
    "MarkedAsAnswerDate": null
  },
  {
    "Id": "697887",
    "ThreadId": "242702",
    "Html": "<p>Hi gentledepp,</p>\n<p>I am trying to use the multivaluecontrol in TSWA 2010. I downloaded your control and tried to use it. The control is not saving the values in TSWA 2010 and also the size is not perfect. Could you please help me with this.......</p>\n<p>Thanks,</p>\n<p>ginjala.</p>",
    "PostedDate": "2011-11-14T08:05:31.147-08:00",
    "UserRole": null,
    "MarkedAsAnswerDate": null
  },
  {
    "Id": "697984",
    "ThreadId": "242702",
    "Html": "<p>Hi gentledepp,</p>\r\n<p>I am trying to use the multivaluecontrol in TSWA 2010. I downloaded  your control and tried to use it. The control is not saving the values  in TSWA 2010 and also the size is not perfect. Could you please help me  with this.......</p>\r\n<p>Thanks,</p>\r\n<p>ginjala.</p>",
    "PostedDate": "2011-11-14T10:47:19.103-08:00",
    "UserRole": null,
    "MarkedAsAnswerDate": null
  },
  {
    "Id": "698821",
    "ThreadId": "242702",
    "Html": "<p>Hi ginjala.</p>\r\n<p>I must admit that I've not been working with this for a while so I might not remember everything.</p>\r\n<p>My first advice: Follow THE VERY SAME installstion steps of the offline MultivalueControl of this codeplex project:</p>\r\n<p><a href=\"http://witcustomcontrols.codeplex.com/wikipage?title=Multivalue%20control&amp;referringTitle=Home\">http://witcustomcontrols.codeplex.com/wikipage?title=Multivalue%20control&amp;referringTitle=Home</a></p>\r\n<p>I guess that the values you provide for choice are not enclosed in \"[\" \"]\", right? ;-)</p>\r\n<p>&nbsp;</p>",
    "PostedDate": "2011-11-16T00:43:37.413-08:00",
    "UserRole": null,
    "MarkedAsAnswerDate": null
  },
  {
    "Id": "698954",
    "ThreadId": "242702",
    "Html": "<p>Hi gentledepp,</p>\r\n<p>Thank you much for your reply.</p>\r\n<p>Actually I am enclosing the choices in \"[\" \"]\". Also am able to see the choices in TSWA-2010.</p>\r\n<p>If I use Visual Studio 2010 to create a work item with multi-value custom control, it works fine. I can select more than one value from the list-items combo box. And when I open this work item in TSWA-2010, I can see all the selected list-items in that control. This works fine.</p>\r\n<p>Problem1:</p>\r\n<p>But if I use TSWA-2010 to create a work item with multi-value custom control, I can select more than one list-items from that combo-box, and when I save the work item and re-open it, it shows that only one of the selected list-items is saved.</p>\r\n<p>&nbsp;</p>\r\n<p>Problem2:</p>\r\n<p>I am unable to resize the control in TSWA-2010.</p>\r\n<p>&nbsp;</p>\r\n<p>Could you plz help me with this.</p>\r\n<p>Thanks &amp; Regards,</p>\r\n<p>ginjala.</p>",
    "PostedDate": "2011-11-16T06:14:11.627-08:00",
    "UserRole": null,
    "MarkedAsAnswerDate": null
  },
  {
    "Id": "700050",
    "ThreadId": "242702",
    "Html": "<div dir=\"ltr\">Hi!<br /><br />@Problem 2: I know about the \"resizing problem\". this has to do with the jQuery dropdown control I use. For some reason, it does not expand to the width it is given and you can only set it statically (e.g.: style=\"width:100px\"). However I did not have the time and knowledge to solve this. You can do it by using firebug and looking at the css properties of the control. (I guess you can dev. a bit, othewise you wouldn't know about codeplex, right? :))<br /><br />@Problem 1: I never had that problem and cannot reproduce it. But you've the code right? <br />You can debug it if you:<br />\n<ul>\n<li>Compile the code </li>\n<li>copy the assembly to the team system web access folder (you can find the path in the setup project, which does nothing else but copying the *.dll to that folder) </li>\n<li>then do an iisreset </li>\n<li>afterwards open your site in the browser </li>\n<li>and once it opens (which means that iis is back again), attach visual studio to all \"w3p\" processes (ctrl+alt+P is the attach command) </li>\n<li>then set a breakpoint in the controls code where it loads and where it saves its value.</li>\n</ul>\n<br />In essence, the bug can only lie in saving or loading the field value, as the value itself is only a string which is parsed by the control when it is loaded.<br /><br />Can you do that?<br />If you have that set up, maybe we could even make a team viewer session.<br /><br />Wish you good luck</div>",
    "PostedDate": "2011-11-18T01:37:16.38-08:00",
    "UserRole": null,
    "MarkedAsAnswerDate": null
  },
  {
    "Id": "700317",
    "ThreadId": "242702",
    "Html": "<p>Hi gentledepp,</p>\n<p>Thanks a lot for your response.</p>\n<p>I tried every thing that I can. Still having the same issue. Could you please share your code, if it is any different from the one I have.</p>\n<p>Thanks,</p>\n<p>ginjala.</p>",
    "PostedDate": "2011-11-18T09:52:28.557-08:00",
    "UserRole": null,
    "MarkedAsAnswerDate": null
  },
  {
    "Id": "704881",
    "ThreadId": "242702",
    "Html": "<p>Would love to have the code shared as well.</p>\r\n<p>Thanks,</p>\r\n<p>Allen.</p>",
    "PostedDate": "2011-11-29T09:58:23.69-08:00",
    "UserRole": null,
    "MarkedAsAnswerDate": null
  },
  {
    "Id": "838235",
    "ThreadId": "242702",
    "Html": "<p>I'm seeing the same issue (#1) as ginjala.&nbsp; I pulled the relevant code out of MultiValueControl.cs into another asp.net web site, and it worked without issue.&nbsp; I haven't figured out what's causing the problem with TFS Web Access, but I have found out some info using fiddler.&nbsp; When posting from a regular asp.net web site, the control shows multiple entries in fiddler with the correct values.&nbsp; When posting from TFS Web Access, the select control has the correct number of selections, but they all have the value of the first selected item.&nbsp; For instance, if I had selected 5 items, fiddler is showing the five inputs being posted, but they all have the value assigned to the first selection.</p>",
    "PostedDate": "2012-05-18T11:28:39.137-07:00",
    "UserRole": null,
    "MarkedAsAnswerDate": null
  },
  {
    "Id": "838297",
    "ThreadId": "242702",
    "Html": "<p>Hi pisanic.&nbsp; I am too experiencing the same issue with the control in TSWA.&nbsp;&nbsp; I'm debugging as well.&nbsp; I will post if I find a resolution.&nbsp; Please do the same.</p>",
    "PostedDate": "2012-05-18T15:46:21.64-07:00",
    "UserRole": null,
    "MarkedAsAnswerDate": null
  },
  {
    "Id": "893124",
    "ThreadId": "242702",
    "Html": "<p>I found a solution. It seems that ListBox does not support more than one item being set to true, even though SelectionMode being set to Multiple. So CheckboxList.Items has only set .Selected of the first selected Item set to true. So checkedItems.Count will always be 1. Maybe it would work by adding property \"MultiColumn = <span style=\"color: blue;\">true</span>;\" in line 125.</p>\r\n<p>I fixed it by changing to CheckBoxList by decommenting line 124 and commenting line 125.</p>",
    "PostedDate": "2012-07-30T08:55:34.123-07:00",
    "UserRole": null,
    "MarkedAsAnswerDate": null
  },
  {
    "Id": "987732",
    "ThreadId": "242702",
    "Html": "\r\n<p>I am trying to use the MultiValue Control in a TFS 2010 environment, however, we will upgrade to TFS 2012 in 8 - 10 weeks. It looks like it is pretty easy to deploy this in Team Web Access 2012. I am trying to find an\r\n<strong><span style=\"text-decoration:underline\">EASY</span></strong> way to deploy the MultiValue Control to Team Web Access 2010. Is that possible? I do not have time to deal with everything outlined here:\r\n<a href=\"http://social.msdn.microsoft.com/Forums/en-US/tfsworkitemtracking/thread/3e515ba9-6837-4740-861b-2279416ed729?prof=required\">\r\nhttp://social.msdn.microsoft.com/Forums/en-US/tfsworkitemtracking/thread/3e515ba9-6837-4740-861b-2279416ed729?prof=required</a>.</p>\r\n<p>Is there an easier way to deploy this to Team Web Access 2010 or do I need to wait until our envieonment has been upgraded to TFS 2012?</p>\r\n<p>Thanks!</p>\r\n<p>Dave</p>\r\n",
    "PostedDate": "2013-01-16T11:21:31.333-08:00",
    "UserRole": null,
    "MarkedAsAnswerDate": null
  },
  {
    "Id": "991124",
    "ThreadId": "242702",
    "Html": "\r\n<div>\r\n<p><span style=\"font-size:10.0pt; font-family:\">Dave,</span></p>\r\n<p><span style=\"font-size:10.0pt; font-family:\"></span></p>\r\n<p><span lang=\"EN-US\" style=\"font-size:10.0pt; font-family:\">The whole model used for webcontrols has changed in TFS 2012.</span></p>\r\n<p><span lang=\"EN-US\" style=\"font-size:10.0pt; font-family:\">Thus in TFS 2010 there is no way to use the exact same controls, or the same way of deploying as in TFS 2012.</span></p>\r\n<p><span lang=\"EN-US\" style=\"font-size:10.0pt; font-family:\">If you want do have the control available on TFS 2010 you will need to grab the correct control and follow all of the steps as described in the article you mentioned.</span></p>\r\n<p><span lang=\"EN-US\" style=\"font-size:10.0pt; font-family:\">If you can wait for TFS 2012 it is indeed much easier. Just uploading the zip-file in the web interface and enabling it is sufficient.</span></p>\r\n<p><span lang=\"EN-US\" style=\"font-size:10.0pt; font-family:\"></span></p>\r\n<p><span lang=\"EN-US\" style=\"font-size:10.0pt; font-family:\">Hope this helps…</span></p>\r\n<p><span lang=\"EN-US\" style=\"font-size:10.0pt; font-family:\"></span></p>\r\n<p><span lang=\"EN-US\" style=\"font-size:10.0pt; font-family:\">Rgds,</span></p>\r\n<p><span lang=\"EN-US\" style=\"font-size:10.0pt; font-family:\">Pierrick</span></p>\r\n<p><span lang=\"EN-US\" style=\"font-size:10.0pt; font-family:\"></span></p>\r\n<div>\r\n<div style=\"border:none; border-top:solid #E1E1E1 1.0pt; padding:3.0pt 0cm 0cm 0cm\">\r\n<p><b><span lang=\"EN-US\" style=\"font-size:11.0pt; font-family:\">From:</span></b><span lang=\"EN-US\" style=\"font-size:11.0pt; font-family:\"> DBurnison [email removed]\r\n<br>\r\n<b>Sent:</b> woensdag 16 januari 2013 20:22<br>\r\n<b>To:</b> pierrick@telenet.be<br>\r\n<b>Subject:</b> Re: MultiValueControl for Team WebAccess [WitCustomControls:242702]</span></p>\r\n</div>\r\n</div>\r\n<p></p>\r\n<p><span style=\"font-size:9.0pt; font-family:\">From: DBurnison</span></p>\r\n<div id=\"ThreadNotificationPostBody\" style=\"margin-bottom:24.0pt\">\r\n<p><span style=\"font-size:9.0pt; font-family:\">I am trying to use the MultiValue Control in a TFS 2010 environment, however, we will upgrade to TFS 2012 in 8 - 10 weeks. It looks like it is pretty easy to deploy this in Team Web Access 2012. I am trying to\r\n find an <strong><u><span style=\"font-family:\">EASY</span></u></strong> way to deploy the MultiValue Control to Team Web Access 2010. Is that possible? I do not have time to deal with everything outlined here:\r\n<a href=\"http://social.msdn.microsoft.com/Forums/en-US/tfsworkitemtracking/thread/3e515ba9-6837-4740-861b-2279416ed729?prof=required\">\r\nhttp://social.msdn.microsoft.com/Forums/en-US/tfsworkitemtracking/thread/3e515ba9-6837-4740-861b-2279416ed729?prof=required</a>.</span></p>\r\n<p><span style=\"font-size:9.0pt; font-family:\">Is there an easier way to deploy this to Team Web Access 2010 or do I need to wait until our envieonment has been upgraded to TFS 2012?</span></p>\r\n<p><span style=\"font-size:9.0pt; font-family:\">Thanks!</span></p>\r\n<p><span style=\"font-size:9.0pt; font-family:\">Dave</span></p>\r\n</div>\r\n</div>\r\n",
    "PostedDate": "2013-01-23T11:24:30.223-08:00",
    "UserRole": null,
    "MarkedAsAnswerDate": null
  }
]