[
  {
    "Id": "1221548",
    "ThreadId": "538667",
    "Html": "I have TFS 2012 and TFS 2013 and uploading the 1.2.0.0 zip at .../_admin/_extensions in either doesn't give me the checkboxes.  I see them in VS2013 just fine, but web access, nothing.  Was there something else I should have done on the TFS app tier server?  Perhaps run the .msi on the TFS server?  The zip on CodePlex has 2 files in it, a zip and .msi.  I uploaded the zip that I found in side the original zip and uploaded that to _admin/_extensions.  I only ran the .msi locally on my machine, that's probably why I see it fine in VS2013 team explorer.   But again, I don't see checkboxes in web access view.<br />\n",
    "PostedDate": "2014-03-11T10:52:23.59-07:00",
    "UserRole": null,
    "MarkedAsAnswerDate": null
  },
  {
    "Id": "1222149",
    "ThreadId": "538667",
    "Html": "Hi,<br />\n<br />\nWhat you tried seams appropriate.<br />\n<br />\nYou only need to run the .msi locally and it is used only thru visual studio.  There are separate .msi for vs2012 and vs2013.  No need to install thoses on the server exept if you use it as a workstation with VS.<br />\n<br />\nThe enclosed .zip file needs to be uploaded in the extensions thru web access as you found.  Here also  you have separate version for tfs2012 and tfs2013.<br />\n<br />\nJust for clariry, after uploading, you need to enable the extension.<br />\n<br />\nCould you tell a bit more about the browser and version you are using?<br />\n<br />\nAlso, is there a message displayed on the work item in place of the checkbox control?<br />\n<br />\nStéphane<br />\n",
    "PostedDate": "2014-03-12T17:07:30.59-07:00",
    "UserRole": null,
    "MarkedAsAnswerDate": null
  },
  {
    "Id": "1222365",
    "ThreadId": "538667",
    "Html": "Thanks for the reply.\r<br />\n<br />\nI'm running the 2013 bits on our tfs 2013 instance (it's our dev instance now, working on upgrade)\r<br />\nAnd I'm running the 2012 bits on our tfs 2012  (test, stage, production)\r<br />\n<br />\nThe extension is indeed enabled.  Tried disabling then re-enabling.  Also tried an iisreset on the 2013 instance.\r<br />\n<br />\nMy browser is IE10.\r<br />\n10.0.9200.16798\r<br />\nupdate versions: 10.0.13 (KB2909921)\r<br />\n<br />\nThere is no message displayed on the work item in place of the control.  The control in fact renders just fine, just no little checkboxes.  : (\r<br />\n<br />\nSo I'm using from Team Explorer, but not everyone uses Team Explorer client, others (PMs and BAs) use web access.  Have high hopes for your control, will really be most useful.<br />\n\r<br />\nThanks.<br />\n",
    "PostedDate": "2014-03-13T07:53:55.423-07:00",
    "UserRole": null,
    "MarkedAsAnswerDate": null
  },
  {
    "Id": "1222502",
    "ThreadId": "538667",
    "Html": "\r\n<div>\r\n<div style=\"font-family:Calibri,sans-serif; font-size:11pt\">Based on the fact you're stating that the regular dropdown control still renders fine, it probably means you did not change the type of the control for the specific fields on which you want a multiselect.<br>\r\nTo do this you need to edit the work item definition (in the layout tab once you have installed the tfs power tools) and set the type of the control for the field on which you need it explicitly to the multivalue control.<br>\r\nSimply executing the setup and registering the extension as you did will not turn every dropdown into a multivalue control. You have to explicitly set this for each field in the wit.<br>\r\n<br>\r\nHope this helps.<br>\r\n<br>\r\n</div>\r\n</div>\r\n<hr>\r\n<span style=\"font-family:Tahoma,sans-serif; font-size:10pt; font-weight:bold\">Van:\r\n</span><span style=\"font-family:Tahoma,sans-serif; font-size:10pt\">tjdev</span><br>\r\n<span style=\"font-family:Tahoma,sans-serif; font-size:10pt; font-weight:bold\">Verzonden:\r\n</span><span style=\"font-family:Tahoma,sans-serif; font-size:10pt\">13/03/2014 15:54</span><br>\r\n<span style=\"font-family:Tahoma,sans-serif; font-size:10pt; font-weight:bold\">Aan:\r\n</span><span style=\"font-family:Tahoma,sans-serif; font-size:10pt\">[email removed]</span><br>\r\n<span style=\"font-family:Tahoma,sans-serif; font-size:10pt; font-weight:bold\">Onderwerp:\r\n</span><span style=\"font-family:Tahoma,sans-serif; font-size:10pt\">Re: Multivalue control doesn't work in Web access - TFS 2012 or 2013 [WitCustomControls:538667]</span><br>\r\n<br>\r\n<p>From: tjdev</p>\r\n<div id=\"ThreadNotificationPostBody\">Thanks for the reply. <br>\r\n<br>\r\nI'm running the 2013 bits on our tfs 2013 instance (it's our dev instance now, working on upgrade)\r\n<br>\r\nAnd I'm running the 2012 bits on our tfs 2012 (test, stage, production) <br>\r\n<br>\r\nThe extension is indeed enabled. Tried disabling then re-enabling. Also tried an iisreset on the 2013 instance.\r\n<br>\r\n<br>\r\nMy browser is IE10. <br>\r\n10.0.9200.16798 <br>\r\nupdate versions: 10.0.13 (KB2909921) <br>\r\n<br>\r\nThere is no message displayed on the work item in place of the control. The control in fact renders just fine, just no little checkboxes. : (\r\n<br>\r\n<br>\r\nSo I'm using from Team Explorer, but not everyone uses Team Explorer client, others (PMs and BAs) use web access. Have high hopes for your control, will really be most useful.<br>\r\n<br>\r\nThanks.<br>\r\n</div>\r\n",
    "PostedDate": "2014-03-13T12:43:03.73-07:00",
    "UserRole": null,
    "MarkedAsAnswerDate": "2014-06-18T13:19:23.953-07:00"
  },
  {
    "Id": "1222804",
    "ThreadId": "538667",
    "Html": "Brilliant - fixed!   And I thought I went in there to check that.  I noticed in the demo xml snippet (creating the property by hand for import rather than opening wit from server) that it had Type and PreferredType attributes (e.g.  &lt;Control FieldName=&quot;My.Test.Control&quot; Type=&quot;FieldControl&quot; PreferredType=&quot;MultiValueControl&quot; yada..../&gt;), and that was enough for Team Explorer.  I never went back to the Layout tab using 'open wit from server' and just flat out changed the Type....which..duh...I could do, too (right?), in the xml snippet, too.\r<br />\n<br />\nAgain - many thanks for the personal service and fast responses.\r<br />\n<br />\nIssue resolved and case closed.<br />\n",
    "PostedDate": "2014-03-14T08:17:14.263-07:00",
    "UserRole": null,
    "MarkedAsAnswerDate": null
  }
]