[
  {
    "Id": "849960",
    "ThreadId": "359877",
    "Html": "\r\n<p>Hi,</p>\r\n<p>I have a custom control (button) that adds the user name &#43; date to a field in the WI.</p>\r\n<p>the problem is when I press the button the discussion field looses the focus.</p>\r\n<p>Is there any way to give the field the focus after the button click?</p>\r\n<p>&nbsp;</p>\r\n<p>thanks,</p>\r\n",
    "PostedDate": "2012-06-17T01:27:14.277-07:00",
    "UserRole": null,
    "MarkedAsAnswerDate": null
  }
]