[
  {
    "Id": "23135",
    "ThreadId": "7199",
    "Html": "\r\nHello!<br /><br />Anyone know how to reference another field in the code. For example I want to make a control that takes one field value and multiplies with another field value to present the result.<br /><br />There are two needs to get this working:<br />1) How to write this in the xml file defining the work item that uses the control<br />2) How to access this information in the code to be able to read the values in thoses two field.<br /><br />Grateful to any help!<br /><br />/Tomas<br />",
    "PostedDate": "2007-02-12T05:12:28.363-08:00",
    "UserRole": null,
    "MarkedAsAnswerDate": null
  },
  {
    "Id": "24831",
    "ThreadId": "7199",
    "Html": "\r\nHi Tomas,<br />You can go over Fields collection of the source workitem and look for other fields. I was thinking of specifying in xml the info like below<br /><br />&lt;Control Type=\"MathControl\" Foruma=\"{0}*{1}\" Field1=\"System.Priority\" Field2=\"System.Severity\"&gt;<br /><br />The control can replace the placeholders like {0} with values of corresponding fields.<br />",
    "PostedDate": "2007-02-26T13:42:31.237-08:00",
    "UserRole": null,
    "MarkedAsAnswerDate": null
  },
  {
    "Id": "48878",
    "ThreadId": "7199",
    "Html": "\r\nHello,<br /><br />I had successfully created a composite custom control which contains 3 text boxes and one dropdownlist. The problem I am facing is while saving and displaying.<br /><br />Earlier all these are individual controls  in the workItem.<br /><br />Exactly speaking what are the changes that are required in the Xml and in the Source code of the custom control (IWorkItemControl.InvalidateDatasource, IWorkItemControl.FlushToDatasource)<br /><br />I was really stuck up with the development. Any help will be greatful for me.<br /><br /><br />Rajesh<br />",
    "PostedDate": "2007-09-12T01:54:57.853-07:00",
    "UserRole": null,
    "MarkedAsAnswerDate": null
  }
]