[
  {
    "Id": "1491013",
    "ThreadId": "660646",
    "Html": "TFS 14.95.25229.0\r<br />\nMulti Value Custom Control 1.3.2.1\r<br />\n<br />\nSteps:<br />\n<ol>\n<li>\nCreate new WorkitemType<br />\n  &lt;FIELD name=&quot;Language&quot; refname=&quot;Impacted.Language&quot; type=&quot;String&quot; reportable=&quot;dimension&quot;&gt;<br />\n<pre><code>&lt;HELPTEXT&gt;Pick impacted languages&lt;/HELPTEXT&gt;\n&lt;SUGGESTEDVALUES expanditems=&quot;true&quot;&gt;\n  &lt;LISTITEM value=&quot;abcd&quot; /&gt;\n&lt;/SUGGESTEDVALUES&gt;\n&lt;REQUIRED /&gt;</code></pre>\n\n&lt;/FIELD&gt;<br />\n</li>\n</ol>\n&lt;Control FieldName=&quot;Impacted.Language&quot; Type=&quot;MultiValueControl&quot; Label=&quot;&amp;Language&quot; LabelPosition=&quot;Left&quot; /&gt;<br />\n<ol>\n<li>Install 1.3.2.1 and enable the extension.</li>\n<li>\nCreate new Bug and check it.<br />\n</li>\n</ol>\nActual:\r<br />\nCan not display whole world in web page.\r<br />\nin this sample, only list 'bc' in field.\r<br />\n<br />\nIf I export the WIT again, the data fine in the xml.\r<br />\n<br />\nThen install msi with VS 14.0.25123.00U2\r<br />\nWhen create new bug,\r<br />\nThere is error message about \r<br />\n&quot;Language contains a value that is not supported by the multiple value control because it is either empty or does not properly sparate its values by enclosing them square brackets. The string representing multiple values should be of the form &quot;[value 1];[value 2]&quot;&quot;\r<br />\n<br />\nThen I update the value to &quot;[abcd]&quot;. It display 'abcd' in webpage. And display '[abcd]' In VS\r<br />\n<br />\n<br />\nSo, Must I add square bracket in my value when I use 1.3.2.1? or I have other error?\r<br />\n<br />\nI check 1.3.1.0 The value do not have square brackets. And it work fine. <br />\n",
    "PostedDate": "2017-01-11T22:14:58.403-08:00",
    "UserRole": null,
    "MarkedAsAnswerDate": null
  }
]