[
  {
    "Id": "1307888",
    "ThreadId": "568298",
    "Html": "I have successfully implemented a MultiValue control on a form and it seems to work in both Team Explorer and Team Web Access. However, I have a set of users who will be working exclusively with the SharePoint portal site. When I bring up the form there, I see an error in the field box. \r<br />\n<br />\nIs there a way to get the multivalue control to work in the SharePoint ui?<br />\n",
    "PostedDate": "2014-09-24T14:29:42.93-07:00",
    "UserRole": null,
    "MarkedAsAnswerDate": null
  },
  {
    "Id": "1308761",
    "ThreadId": "568298",
    "Html": "This is not a scenario that I've come across but I guess that the implementation will be different in SP. I will take a look and come back with my findings.\r<br />\n<br />\nMathias<br />\n",
    "PostedDate": "2014-09-28T14:10:05.437-07:00",
    "UserRole": null,
    "MarkedAsAnswerDate": null
  }
]