[
  {
    "Id": "1307289",
    "ThreadId": "568139",
    "Html": "hello,\r<br />\nI use few multi-value controls in PBI and in Task work items (TFS 2012.2)\r<br />\nThere a specific scenario that causes the multi-value control to stop working in the web access, the scenario is as following:<br />\n<ul>\n<li>go to the backlog in the web access</li>\n<li>create new PBI and double click to open the PBI form</li>\n<li>from implementation tab, create \\ open new task (a new Task form is opened above the PBI form)</li>\n<li>update the task fields and click save &amp; close (the Task from is closed and the PBI form is displayed again)</li>\n<li>\ntry to update the multi-value field - in this case you can select values from the drop down of the control, but: \r<br />\n1) the selected values are not being selected:<br />\n<img src=\"http://i59.tinypic.com/ekjj0k.png\" alt=\"Image\" />\r<br />\nusually, when selecting, the selected values are being displayed in the text box (red mark in pic.)\r<br />\n2) the PBI form cannot be saved. the buttons are disabled<br />\n</li>\n</ul>\nIs this can be fixed?\r<br />\nThanks all,\r<br />\nRoy<br />\n",
    "PostedDate": "2014-09-23T01:49:05.24-07:00",
    "UserRole": null,
    "MarkedAsAnswerDate": null
  }
]