[
  {
    "Id": "1083215",
    "ThreadId": "454107",
    "Html": "Hi, could you please update this multi-select control to support global lists?\r<br />\n<br />\nWe would like to have a list of customers and relate that on multiple item types.<br />\n",
    "PostedDate": "2013-08-21T10:33:07.967-07:00",
    "UserRole": null,
    "MarkedAsAnswerDate": null
  },
  {
    "Id": "1143862",
    "ThreadId": "454107",
    "Html": "The multi value control works fine with Global Lists as long as you set expanditems=&quot;true&quot;:<br />\n<pre><code>&lt;FIELD name=&quot;CustomersGL&quot; refname=&quot;TfsWitExtensions.CustomersGL&quot; type=&quot;String&quot; reportable=&quot;dimension&quot;&gt;\n &lt;HELPTEXT&gt;List of customers from a global list&lt;/HELPTEXT&gt;\n  &lt;SUGGESTEDVALUES expanditems=&quot;true&quot; filteritems=&quot;excludegroups&quot;&gt;\n    &lt;GLOBALLIST name=&quot;WitCustomControls - Customers&quot; /&gt;\n  &lt;/SUGGESTEDVALUES&gt;\n &lt;/FIELD&gt;</code></pre>\n\nMathias<br />\n",
    "PostedDate": "2013-12-30T05:12:59.973-08:00",
    "UserRole": null,
    "MarkedAsAnswerDate": "2013-12-30T05:13:12.343-08:00"
  }
]