[
  {
    "Id": "101684",
    "ThreadId": "30540",
    "Html": "Hi All,<br>\r\n&nbsp; I am trying to get the Custom Control to work, I have downloaded Naren's example and these controls as well. Let me give you a little background. I am running a TFS Server 2005 with SP1 on it, the current .dll Version Numbers are&nbsp;8.0.50727.147. It looks like Team Explorer on the Server machine doesn't have an SP applied to it, but I can't really tell and don't know if this is needed, is this something that would keep me from importing the custom control? <br>\r\n<br>\r\nAlso, I have Team Edition for Developers installed on my client&nbsp;machine, with the SP that goes with it. Again, the dll version numbers are the same. When I compile Naren's example code, I get the&nbsp;'IWorkItemControl.AfterUpdateDatasource' in explicit interface declaration is not a member of interface error. When I remove the IWorkItemControl portion of it, I can compile. <br>\r\n<br>\r\nWhen I try to import the CustomControl after adding it to the xml, I get the following error:&nbsp;<br>\r\nXml validation error at row 263, column 13: The 'Type' attribute is invalid - The value 'WebBrowserControl' is invalid according to its datatype 'ValidControlsType' - The Enumeration constraint failed.<br>\r\nAs you can see I was was trying to get the WebBrowserControl to work in this instance, however, none of the other controls work either.<br>\r\n<br>\r\nNow the following directory:&nbsp;C:\\Documents and Settings\\All Users\\Application Data\\Microsoft\\Team Foundation\\Work Item Tracking\\Custom Controls didn't exist on the Server or my client machine and I had to add it in both cases to put the .wicc and .dll files.<br>\r\n<br>\r\nWhat am I missing here? I am not sure if I have the correct dll version,&nbsp;8.0.50727.147, are these the correct ones? If so, why am I getting the Interface error? Is there any other service pack that I need to install? Will these controls even worl with TFS 2005 with SP1?<br>\r\n<br>\r\nAny help is greatly appreciated...<br>\r\n<br>\r\nThanks<br>\r\nKari<br>\r\n<br>\r\n<br>\r\n",
    "PostedDate": "2008-06-30T11:26:52.897-07:00",
    "UserRole": null,
    "MarkedAsAnswerDate": null
  },
  {
    "Id": "102592",
    "ThreadId": "30540",
    "Html": "hmm. i think you have the RTM dlls not SP1, you shouldnt need to remove&nbsp;'IWorkItemControl.AfterUpdateDatasource' on SP1.<br>\r\n<br>\r\nhere the version numbers:<br>\r\n<br>\r\n8.0.50727.43 = Beta 3 Refresh <br>\r\n8.0.50727.127 = Release Candidate <br>\r\n8.0.50727.147 = RTM&nbsp;(final shipping release of the product)<br>\r\n8.0.50727.762 =&nbsp;Visual Studio 2005 SP1\r\n",
    "PostedDate": "2008-07-03T16:28:14.717-07:00",
    "UserRole": null,
    "MarkedAsAnswerDate": null
  }
]