[
  {
    "Id": "91467",
    "ThreadId": "27425",
    "Html": "\r\nHi,<br />   Could anyone help me to let me know that how do i get the selected workitem id? Actually i have created a custom dropdown control and that particular control is displaying all available workitemid from the issue list.  It is working fine and i dont have any problem. Now the probelem is from the issue query list (available under Work Items/Team Queries) if i select a workitem (actually selecting a workitem row) my dropdown will also react by selecting the corresponding workitem id from the availabe list. Please help me with the sample code or steps to achieve this.<br /><br />By the way i am using TFS2008<br /><br />Thanks<br />Paul<br />",
    "PostedDate": "2008-05-09T07:42:02.707-07:00",
    "UserRole": null,
    "MarkedAsAnswerDate": null
  }
]