[
  {
    "Id": "24954",
    "ThreadId": "7654",
    "Html": "\r\nHi Naren,<br /><br />I took your sample WIReference control and tried to take it one step further.<br />What I am trying to do is create a control to enable Adding/Creating work items as dependent work items for the current WI - Like Child Work items.<br />So the implementing control looks like a listview and 2 buttons (one for Add and one for Create). I'm using the WIPicker for the \"Add\" and it works fine (i can see the Added work item in the listview - showing the <b>ID</b>,<b>WIType</b>,<b>Title</b>,<b>State</b> in the listview).<br />The thing is it's very hard for debugging. The way for me to debug so far was to open an instatce of devenv and go for new&gt;task (i added the control to my task work item) and play with my buttons. I'm sure there is a better way to do it.<br />The second thing is knowing the order of the actions. It looks like the <i>InvalidateDatasource</i> function is happening alot. I don't quite know what triggers the other \"must\" functions (<i>clear</i>, <i>FlushToDatasource</i>..).<br />Could you Explain When those functions are called, at normal WI behavior, and give some best practices for debugging custom controls within WI's.<br />Thanks for your help. Looking forward to here from you.<br /><br />",
    "PostedDate": "2007-02-27T09:18:06.04-08:00",
    "UserRole": null,
    "MarkedAsAnswerDate": null
  }
]