[
  {
    "Id": "1286573",
    "ThreadId": "559934",
    "Html": "Is there anyway we could get the ability to control the height of the MultiValueControl? It stands taller than normal text boxes (shown belew with the CC field) and I have users complaining about uniformity. Is this something that can be easily adjusted in code or through a setting?\r<br />\n<br />\n<img src=\"http://i.imgur.com/m5XOay5.png\" alt=\"Image\" /><br />\n",
    "PostedDate": "2014-08-05T10:13:00.673-07:00",
    "UserRole": null,
    "MarkedAsAnswerDate": null
  },
  {
    "Id": "1289430",
    "ThreadId": "559934",
    "Html": "We're looking at a code change to make the Control more like the other drop-down lists. I'll post back with an update later this week.<br />\n",
    "PostedDate": "2014-08-12T13:10:24.96-07:00",
    "UserRole": null,
    "MarkedAsAnswerDate": null
  }
]