[
  {
    "Id": "890205",
    "ThreadId": "388254",
    "Html": "\r\n<p>MVC works perfectly fine with the shell, but whne I sue the web version it doesnt work at all.</p>\r\n<p>I tried to register it with the GAC but it (codeplex.witcustomcontrols.dll)&nbsp;doesnt have the strong name.</p>\r\n<p>Do you have a solution for this ?</p>\r\n<p>BTW I use VSTS2010 sp1</p>\r\n<p>Vkram</p>\r\n",
    "PostedDate": "2012-07-24T14:54:17.08-07:00",
    "UserRole": null,
    "MarkedAsAnswerDate": null
  }
]