[
  {
    "Id": "1434657",
    "ThreadId": "641468",
    "Html": "I am trying to add a custom control, the multivalue control. I have read that I need to add 2 files: \r<br />\n<br />\n*MultiValueControl.wicc\r<br />\n*CodePlex.WitCustomControls.dll\r<br />\n<br />\nHowever, in the folder I download I have no dll or wicc extensions. Do we have to compile the files or am I missing something?\r<br />\n<br />\nInside the folder downloaded, all the extensions I have are JScript Script File, Linker Address Map, Cascading Style Sheets, Xml Document, PNG image. But there is no sign for any dll.\r<br />\n<br />\nAny help is appreciated.\r<br />\n<br />\nThanks<br />\n",
    "PostedDate": "2015-07-16T11:41:21.307-07:00",
    "UserRole": null,
    "MarkedAsAnswerDate": null
  }
]