[
  {
    "Id": "22634",
    "ThreadId": "7057",
    "Html": "\r\nI have been watching this area for some weeks and is hoping to get som custom controls I could use, or at least some code that would give me a jump start, but nothing seems to happen.<br /><br />Is anything going on?<br /><br />Best Regards,<br />/Tomas Scott<br />",
    "PostedDate": "2007-02-06T10:44:29.387-08:00",
    "UserRole": null,
    "MarkedAsAnswerDate": null
  },
  {
    "Id": "22650",
    "ThreadId": "7057",
    "Html": "\r\nHi Tomas, There was not much going on because I was away. I am back now and am planning to post baseclass for building controls, website control and a setup package before end of this month. <br />",
    "PostedDate": "2007-02-06T13:51:37.09-08:00",
    "UserRole": null,
    "MarkedAsAnswerDate": null
  }
]