[
  {
    "Id": "1487701",
    "ThreadId": "659316",
    "Html": "We are currently running TFS Update 3. I have installed the Multivalue control 1.3.2.1 on the TFS Application server and installed the WitCustomControl 1.3.1.0 on my desktop.\r<br />\n<br />\nI have configured out Requirement WIT to use the Multivaluecontrol here is the corresponding xml:\r<br />\n&lt;FIELD name=&quot;Technology Domain&quot; refname=&quot;WPS.TechnologyDomain&quot; type=&quot;String&quot; reportable=&quot;dimension&quot;&gt;<br />\n<pre><code>    &lt;ALLOWEDVALUES expanditems=&quot;true&quot;&gt;\n      &lt;LISTITEM value=&quot;[Business Rules Engine]&quot; /&gt;\n      &lt;LISTITEM value=&quot;[Cobol]&quot; /&gt;\n      &lt;LISTITEM value=&quot;[Data Warehouse]&quot; /&gt;\n      &lt;LISTITEM value=&quot;[Image Central]&quot; /&gt;\n      &lt;LISTITEM value=&quot;[Other]&quot; /&gt;\n      &lt;LISTITEM value=&quot;[Portal/WEB/CRM]&quot; /&gt;\n    &lt;/ALLOWEDVALUES&gt;\n  &lt;/FIELD&gt;\n</code></pre>\n\nHere is where the control is referenced:\r<br />\n&lt;Control FieldName=&quot;WPS.TechnologyDomain&quot; Type=&quot;MultiValueControl&quot; Label=&quot;Technology Domain&quot; LabelPosition=&quot;Left&quot;&gt;<br />\n<pre><code>                      &lt;CustomControlOptions /&gt;\n                    &lt;/Control&gt;\n</code></pre>\n\nThe first issue is when I go to the Web interface I can create a requirement and I see in the form a drop down and all the values. If I select just one of them everything is ok. If I select more than one and I get an error at the top of the form next to the Requirement ID: \r<br />\nThe field 'Technology Domain' contains the value '[Business Rules Engine];[Cobol]' that is not in the list of supported values.\r<br />\n<br />\nIt seems that there is some sort of validation being done, but I don't know how to fix this.\r<br />\n<br />\n<br />\nThe second issue is it I try and create a requirement in the same project from Visual Studio, when I select the tab that contains that field and control, I get the following error message:\r<br />\n&quot;Technology Domain does not have any values to list in the multiple value control. See Work item Tracking Multiple Value Control.doc for details on defining a field to support the multiple value control.\r<br />\n<br />\nAny Thoughts?<br />\n",
    "PostedDate": "2016-11-10T10:43:57.33-08:00",
    "UserRole": null,
    "MarkedAsAnswerDate": null
  },
  {
    "Id": "1487704",
    "ThreadId": "659316",
    "Html": "So after further review I discovered the problem. For the list I chose Allowed Values, that's why it failed on both cases.  When I switched it to suggested Values both scenarios (Web and VS client) worked.\r<br />\n<br />\nHere is the updated XML:<br />\n<pre><code>&lt;ALLOWEDVALUES expanditems=&quot;true&quot;&gt;\n  &lt;LISTITEM value=&quot;[Business Rules Engine]&quot; /&gt;\n  &lt;LISTITEM value=&quot;[Cobol]&quot; /&gt;\n  &lt;LISTITEM value=&quot;[Data Warehouse]&quot; /&gt;\n  &lt;LISTITEM value=&quot;[Image Central]&quot; /&gt;\n  &lt;LISTITEM value=&quot;[Other]&quot; /&gt;\n  &lt;LISTITEM value=&quot;[Portal/WEB/CRM]&quot; /&gt;\n&lt;/SUGGESTEDVALUES&gt;</code></pre>\n\n&lt;/FIELD&gt;<br />\n",
    "PostedDate": "2016-11-10T11:12:56.61-08:00",
    "UserRole": null,
    "MarkedAsAnswerDate": null
  }
]