[
  {
    "Id": "555121",
    "ThreadId": "243238",
    "Html": "\r\n<p>Hi All,</p>\r\n<p>While implementing specific needs and forms for our development group, I've come to a need to use a Grid control inside a work item.</p>\r\n<p>&nbsp;</p>\r\n<p>Do you know where can control like this can be found?</p>\r\n<p>Microsoft did not supply this kind of control, and the only way i think of implementing it is to create a control that serialize it self to text/xml and save it to a common field.</p>\r\n<p>Thanks,</p>\r\n<p>Ofir.</p>\r\n",
    "PostedDate": "2011-01-25T09:40:18.477-08:00",
    "UserRole": null,
    "MarkedAsAnswerDate": null
  },
  {
    "Id": "658096",
    "ThreadId": "243238",
    "Html": "<p>I've been looking for a grid control for a while. Have you figured anything out? <a href=\"http://social.msdn.microsoft.com/Forums/en/tfsworkitemtracking/thread/2ad25b7e-4fca-4258-925b-0de96f100de1\">http://social.msdn.microsoft.com/Forums/en/tfsworkitemtracking/thread/2ad25b7e-4fca-4258-925b-0de96f100de1</a></p>",
    "PostedDate": "2011-08-14T13:16:51.267-07:00",
    "UserRole": null,
    "MarkedAsAnswerDate": null
  }
]