[
  {
    "Id": "114313",
    "ThreadId": "34432",
    "Html": "Does the multiple value control support pulling its list from a global list, rather than hard-coding the suggested values?<br>\r\n",
    "PostedDate": "2008-08-27T18:37:25.863-07:00",
    "UserRole": null,
    "MarkedAsAnswerDate": null
  },
  {
    "Id": "119112",
    "ThreadId": "34432",
    "Html": "it does for me, see http://msdn.microsoft.com/en-us/library/ms194977.aspx<br>\r\nremember to provide values in square brackets [ ]<br>\r\n",
    "PostedDate": "2008-09-17T07:05:11.887-07:00",
    "UserRole": null,
    "MarkedAsAnswerDate": null
  },
  {
    "Id": "120246",
    "ThreadId": "34432",
    "Html": "Hmm, not sure what the deal is then...&nbsp; I've got the following global list defined:<br>\r\n<br>\r\n&nbsp; &lt;GLOBALLIST name=&quot;CustomerProjects&quot;&gt;<br>\r\n&nbsp;&nbsp;&nbsp; &lt;LISTITEM value=&quot;[EBPC]&quot; /&gt;<br>\r\n&nbsp;&nbsp;&nbsp; &lt;LISTITEM value=&quot;[SMART]&quot; /&gt;<br>\r\n&nbsp;&nbsp;&nbsp; &lt;LISTITEM value=&quot;[ASI]&quot; /&gt;<br>\r\n&nbsp;&nbsp;&nbsp; &lt;LISTITEM value=&quot;[BC Transit]&quot; /&gt;<br>\r\n&nbsp; &lt;/GLOBALLIST&gt;<br>\r\n<br>\r\nAnd in my work item, the field is defined as:<br>\r\n<br>\r\n&nbsp;&nbsp;&nbsp;&nbsp;&nbsp; &lt;FIELD name=&quot;Customer Project&quot; refname=&quot;Stratagen.CustomerProject&quot; type=&quot;String&quot; reportable=&quot;dimension&quot;&gt;<br>\r\n&nbsp;&nbsp;&nbsp;&nbsp;&nbsp;&nbsp;&nbsp; &lt;HELPTEXT&gt;Customer and/or Project&lt;/HELPTEXT&gt;<br>\r\n&nbsp;&nbsp;&nbsp;&nbsp;&nbsp;&nbsp;&nbsp; &lt;SUGGESTEDVALUES expanditems=&quot;false&quot;&gt;<br>\r\n&nbsp;&nbsp;&nbsp; &nbsp;&nbsp;&nbsp; &nbsp;&nbsp;&nbsp; &lt;GLOBALLIST name=&quot;CustomerProjects&quot; /&gt;<br>\r\n&nbsp;&nbsp;&nbsp;&nbsp;&nbsp;&nbsp;&nbsp; &lt;/SUGGESTEDVALUES&gt;<br>\r\n&nbsp;&nbsp;&nbsp;&nbsp;&nbsp; &lt;/FIELD&gt;<br>\r\n<br>\r\nWhen I try to create a new work item, I get the following error message:<br>\r\n---------------------------<br>\r\nMultiple Value Control<br>\r\n---------------------------<br>\r\nCustomer Project does not have any values to list in the multiple value control. See “Work Item Tracking Multiple Value Control.doc” for details on defining a field to support the multiple value control.<br>\r\n---------------------------<br>\r\nOK&nbsp;&nbsp; <br>\r\n---------------------------<br>\r\n<br>\r\n<br>\r\n",
    "PostedDate": "2008-09-22T19:40:41.833-07:00",
    "UserRole": null,
    "MarkedAsAnswerDate": null
  },
  {
    "Id": "123447",
    "ThreadId": "34432",
    "Html": "Yes, it works for me, I setup a global list and the control shows the values in the drop down.<br>\r\nThe only thing I notice in you example is that you have a value with a blank space, try removing it and see if that works.<br>\r\n",
    "PostedDate": "2008-10-07T05:37:13.017-07:00",
    "UserRole": null,
    "MarkedAsAnswerDate": null
  },
  {
    "Id": "195409",
    "ThreadId": "34432",
    "Html": "<p>To fix this, I removed the 'expanditems=&quot;false&quot;' attribute from the &lt;SUGGESTEDVALUES&gt; element.</p>",
    "PostedDate": "2009-05-28T13:35:44.273-07:00",
    "UserRole": null,
    "MarkedAsAnswerDate": null
  }
]