[
  {
    "Id": "851428",
    "ThreadId": "360275",
    "Html": "\r\n<p>hello I use TGS 2010 with SP1, on server side and client side i succesfully deployed Custom Controls, but when i tring to use MultiValueControll of field i have this error:</p>\r\n<p>&nbsp;</p>\r\n<p>MultipleValue contains a value that is not supported by mulitple value control because is is either empty or dose not property separate its valuse by enclosing them square brackets.</p>\r\n<p>Files contains string represent in list</p>\r\n<p>I have all files in path: C:\\ProgramData\\Microsoft\\Team Foundation\\Work Item Tracking\\Custom Controls\\10.0</p>\r\n<p>&nbsp;</p>\r\n<p>How to resolve this problem??</p>\r\n",
    "PostedDate": "2012-06-20T02:08:34.907-07:00",
    "UserRole": null,
    "MarkedAsAnswerDate": null
  }
]