[
  {
    "Id": "1069517",
    "ThreadId": "450326",
    "Html": "Hi,\r<br />\n<br />\nBeen struggling using the WebpageControl, it throws script errors from a linked site, however when I use &quot;Open Link in External Browser&quot; it works fine. I have made my machine default to IE, assuming IE is rendering the WebpageControl. This occurs only when using TFS 2012 Desktop client, it works fine browsing TFS from the webview. \r<br />\n<br />\nAny ideas? Settings I can change?\r<br />\n<br />\nThank you,\r<br />\n<br />\nChris<br />\n",
    "PostedDate": "2013-07-17T06:24:39.583-07:00",
    "UserRole": null,
    "MarkedAsAnswerDate": null
  },
  {
    "Id": "1069877",
    "ThreadId": "450326",
    "Html": "Hi,<br />\n<br />\nI don't think we've tested this control much with Visual Studio 2012 but I will take a look. With TFS 2010 a native HTML control was introduced that works in a similar way, take a look at <a href=\"http://msdn.microsoft.com/en-us/library/dd647564(v=vs.100).aspx\" rel=\"nofollow\">http://msdn.microsoft.com/en-us/library/dd647564(v=vs.100).aspx</a> and see if that can be used to unblock you.<br />\n<br />\nMathias<br />\n",
    "PostedDate": "2013-07-18T00:35:37.313-07:00",
    "UserRole": null,
    "MarkedAsAnswerDate": null
  },
  {
    "Id": "1069988",
    "ThreadId": "450326",
    "Html": "Hi thanks for the response. The link you sent is invalid. What did you want to point me too?\r<br />\n<br />\nChris<br />\n",
    "PostedDate": "2013-07-18T05:19:41.15-07:00",
    "UserRole": null,
    "MarkedAsAnswerDate": null
  },
  {
    "Id": "1070123",
    "ThreadId": "450326",
    "Html": "Fixed link above. Good luck!\r<br />\n<br />\nMathias<br />\n",
    "PostedDate": "2013-07-18T10:30:55.353-07:00",
    "UserRole": null,
    "MarkedAsAnswerDate": null
  }
]