[
  {
    "Id": "66940",
    "ThreadId": "20179",
    "Html": "\r\nHello<br /><br />I installed the Custom Controls with the MSI and changed a process template.<br />When I make a new Work Item everything is okay, only the Capture Button is greyed out and I cannot<br />enable it.<br /><br />Do I make something wrong?<br /><br />Thank you.<br />",
    "PostedDate": "2008-01-09T07:50:09.553-08:00",
    "UserRole": null,
    "MarkedAsAnswerDate": null
  },
  {
    "Id": "66987",
    "ThreadId": "20179",
    "Html": "\r\nThere is a feature in the control that checks if there is image data on the clipboard and if so enables the button. See <a href=\"http://www.codeplex.com/WitCustomControls/Wiki/View.aspx?title=Screenshot%20controls&amp;referringTitle=Home\" class=\"externalLink\">http://www.codeplex.com/WitCustomControls/Wiki/View.aspx?title=Screenshot%20controls&amp;referringTitle=Home<span class=\"externalLinkIcon\" style=\"font-family:Consolas, Courier New, Courier, Monospace;\"></span></a> for some details on how the control behavies in case you've missed that.<br />",
    "PostedDate": "2008-01-09T12:08:20.813-08:00",
    "UserRole": null,
    "MarkedAsAnswerDate": null
  }
]