[
  {
    "Id": "1234104",
    "ThreadId": "542246",
    "Html": "Our custom controls aren't inheriting the Visual Studio theme colors so the custom controls stand out in an ugly way (white). Anyone know how to fix that?<br />\n",
    "PostedDate": "2014-04-14T16:18:47.003-07:00",
    "UserRole": null,
    "MarkedAsAnswerDate": null
  },
  {
    "Id": "1250259",
    "ThreadId": "542246",
    "Html": "I partly figured it out:<br />\n<br />\nadd a reference to Microsoft.TeamFoundation.Controls, PresentationCore and WindowsBase<br />\n<br />\nadd the following to the controls: <br />\n<br />\n BackColor = TeamFoundationColors.Instance.WorkItemFormBackground.ToWinForms(), <br />\n ForeColor = TeamFoundationColors.Instance.WorkItemFormForeground.ToWinForms(),<br />\n<br />\n<br />\nI still encounter with the multivalue control a border which is now in the foreColor, but I would prefer it to be gone. <br />\n",
    "PostedDate": "2014-05-27T17:06:53.06-07:00",
    "UserRole": null,
    "MarkedAsAnswerDate": null
  }
]