[
  {
    "Id": "834482",
    "ThreadId": "355241",
    "Html": "\r\n<p>I have successfully deployed the custom controls on the TFS server and updated a work item template to include the multi value control.</p>\r\n<p>When I create a work item on a client machine and try to set value in the multivalue control, I cannot see the control. I get the error &quot;Could not find file 'C:\\ProgramData\\Microsoft\\Team Foundation\\Work Item Tracking\\Custom Controls\\10.0\\MultiValueControl.wicc'.&quot;</p>\r\n<p>Where should the custom control be deployed on the server so that it can be accessed from the client?</p>\r\n",
    "PostedDate": "2012-05-10T03:20:38.01-07:00",
    "UserRole": null,
    "MarkedAsAnswerDate": null
  },
  {
    "Id": "947117",
    "ThreadId": "355241",
    "Html": "\r\n<p><span style=\"color:black; font-size:10pt\">You need to install this to all client machines to get the control to work, I created a folder on my team project and uploaded the msi there for all developers to install it. If you want to manually move the .dll\r\n and .wicc it would go in the following location on the client machine:</span></p>\r\n<p>VS2010</p>\r\n<p>C:\\ProgramData\\Microsoft\\Team Foundation\\Work Item Tracking\\Custom Controls\\10.0</p>\r\n<p>VS2012</p>\r\n<p>C:\\ProgramData\\Microsoft\\Team Foundation\\Work Item Tracking\\Custom Controls\\11.0</p>\r\n",
    "PostedDate": "2012-11-26T09:37:41.213-08:00",
    "UserRole": null,
    "MarkedAsAnswerDate": null
  }
]