[
  {
    "Id": "39386",
    "ThreadId": "12118",
    "Html": "\r\nHi,<br /><br />I ran into the problem that het existing LinkControl only accept URL containing a max of 255 characters. When I create a WI I want to reference my source documentation stored on the project portal. The URL to reference this often exceeds 255 characters.<br /><br />It would be nice to use a control that contains a URL and/or a human readable text and is clickable. This way a WI can be traced back to it’s original source documentation.<br /><br />grtz Pierre Bakker<br />",
    "PostedDate": "2007-07-03T02:25:21.99-07:00",
    "UserRole": null,
    "MarkedAsAnswerDate": null
  },
  {
    "Id": "56362",
    "ThreadId": "12118",
    "Html": "<div class=\"quote\" style=\"border: dotted .1em #aaa; border-left: none; border-right: none; font-style: italic; margin: 1em 0em 2.5em 3em;padding: .2em;\">\r\nI ran into the problem that het existing LinkControl only accept URL containing a max of 255 characters.<br /></div><br />Or just a hyper-link control with static text and link so you can point users to a web page to get your custom controls would be extremely helpful as a built-in control.<br />",
    "PostedDate": "2007-11-02T09:20:37.807-07:00",
    "UserRole": null,
    "MarkedAsAnswerDate": null
  },
  {
    "Id": "57025",
    "ThreadId": "12118",
    "Html": "\r\nIn the past we used to have that limit of 255 characters for artifact links. but we have increased that limit now.<br /><br />Dustin, thats a great suggestion. we are seriously investigating some options to make our forms more user friendly and to make the custom control deployment process easier. One option we are considering is adding hyperlinks to labels. For example, we can make the custom control's label a hyperlink that allow the users to download the custom control.<br />",
    "PostedDate": "2007-11-06T16:30:14.26-08:00",
    "UserRole": null,
    "MarkedAsAnswerDate": null
  }
]