[
  {
    "Id": "1012473",
    "ThreadId": "435923",
    "Html": "I finally got it to load, However I get no options in my list box? Its just blank<br />\nPlease help<br />\n<br />\n<br />\n<br />\nI have added the Multivaluecontrol to my WIT but I get this error in the field when I try to Preview the template.<br />\n<br />\nFailed to load MultiValueControl control. Value cannot be null. Parameter name: type<br />\n<br />\n<br />\nHere is my schema<br />\n &lt;FIELD name=&quot;Triage&quot; refname=&quot;Microsoft.VSTS.Common.Triage&quot; type=&quot;String&quot; reportable=&quot;dimension&quot;&gt;<br />\n<pre><code>  &lt;HELPTEXT&gt;testingmulti select&lt;/HELPTEXT&gt;\n  &lt;SUGGESTEDVALUES expanditems=&quot;false&quot;&gt;\n  &lt;LISTITEM value=&quot;[t1]&quot; /&gt;\n  &lt;LISTITEM value=&quot;[t2]&quot; /&gt;\n  &lt;LISTITEM value=&quot;[t3]&quot; /&gt;\n  &lt;LISTITEM value=&quot;[t4]&quot; /&gt;\n  &lt;/SUGGESTEDVALUES&gt;\n &lt;/FIELD&gt;\n</code></pre>\n\nHere is my form section<br />\n  &lt;Control Type=&quot;MultiValueControl&quot; FieldName=&quot;Microsoft.VSTS.Common.Triage&quot; Label=&quot;Triag&amp;e:&quot; LabelPosition=&quot;Left&quot; /&gt;<br />\n<br />\nMy files are deployed here:<br />\nC:\\ProgramData\\Microsoft\\Team Foundation\\Work Item Tracking\\Custom Controls\\10.0<br />\n<br />\nplease help!!<br />\n",
    "PostedDate": "2013-03-08T10:33:02.133-08:00",
    "UserRole": null,
    "MarkedAsAnswerDate": null
  },
  {
    "Id": "1012528",
    "ThreadId": "435923",
    "Html": "I finally got it working. disreguard questions above<br />\n",
    "PostedDate": "2013-03-08T12:17:04.233-08:00",
    "UserRole": null,
    "MarkedAsAnswerDate": null
  },
  {
    "Id": "1291237",
    "ThreadId": "435923",
    "Html": "Hi,\r<br />\n<br />\nI have the same message in the work item wicc. \r<br />\nWhat was the problem and solution?<br />\n",
    "PostedDate": "2014-08-19T00:07:16.067-07:00",
    "UserRole": null,
    "MarkedAsAnswerDate": null
  },
  {
    "Id": "1291639",
    "ThreadId": "435923",
    "Html": "I will try to help you get it working,. Can you provide me with some more context; which version of the Controls are you using? Which version of TFS and Visual Studio? What does your WIT definition look like?<br />\n",
    "PostedDate": "2014-08-20T03:52:22.08-07:00",
    "UserRole": null,
    "MarkedAsAnswerDate": null
  }
]