[
  {
    "Id": "120156",
    "ThreadId": "36221",
    "Html": "I'm new to TFS and am still learning the capabilities it has to offer, particularly for extensibility.&nbsp; I've tried this control out and have a question:&nbsp; does TFS support making a data entry that is basically a table of related data (OLTP side anyway) instead of the concatenated string this control produces?&nbsp; Does TFS offer any alternative to a normalized relationship of newly created input data/tables (e.g., multiple records with the same internal foreign-ID in the same table as a normally selected single-value string result)?&nbsp; I'd think this would heavily impact just what kind of controls you can make.&nbsp;\r\n",
    "PostedDate": "2008-09-22T13:22:35.933-07:00",
    "UserRole": null,
    "MarkedAsAnswerDate": null
  }
]