[
  {
    "Id": "1075916",
    "ThreadId": "452205",
    "Html": "Hello.<br />\nI need add a column &quot;Author&quot; into standart File Attachment grid on Edit workItem Page<br />\nCan I customize a standart tfs control such as <strong>AttachmentsControl</strong> by inherit it in my own control like this:<br />\n<br />\n  CustomAttachmentsControl.inherit(WITCONTROLS.AttachmentsControl<br />\n{<br />\n   _init: function() { ....}<br />\n})<br />\n<br />\nCan someone provide some code?<br />\n",
    "PostedDate": "2013-08-02T02:53:32.127-07:00",
    "UserRole": null,
    "MarkedAsAnswerDate": null
  }
]