[
  {
    "Id": "1471763",
    "ThreadId": "654165",
    "Html": "Hello!\r<br />\nWe use TFS2013. I've installed extension in TFS and added multiselect field in Bug type. In VS2013 I correctly see values with checkboxes, but in browsers there is no checkboxes like standart dropdown field. Can you help me?\r<br />\nThx!<br />\n",
    "PostedDate": "2016-04-29T06:40:51.41-07:00",
    "UserRole": null,
    "MarkedAsAnswerDate": null
  },
  {
    "Id": "1471913",
    "ThreadId": "654165",
    "Html": "Hi Vertigo,<br />\n<br />\nDid you upload the control for the web?<br />\n<br />\nYou can find the instructions here <a href=\"https://witcustomcontrols.codeplex.com/releases/view/620316\" rel=\"nofollow\">https://witcustomcontrols.codeplex.com/releases/view/620316</a> under the title web controls installation.<br />\n<br />\nRegards,<br />\n<br />\nStéphane<br />\n",
    "PostedDate": "2016-04-30T06:42:30.537-07:00",
    "UserRole": null,
    "MarkedAsAnswerDate": null
  },
  {
    "Id": "1472087",
    "ThreadId": "654165",
    "Html": "Hi jjslagace,\r<br />\n<br />\nYes, I've installed web extension v.1.2.2.0 and enabled it successfully. Tried IE, FireFox, Chrome but no luck =(<br />\n",
    "PostedDate": "2016-05-01T12:17:42.593-07:00",
    "UserRole": null,
    "MarkedAsAnswerDate": null
  },
  {
    "Id": "1472159",
    "ThreadId": "654165",
    "Html": "Is the field showing at least?\r<br />\n<br />\nCould you post your field and workitem definition?\r<br />\n<br />\nIf I recall, there might be a subtle difference that affects only the web...<br />\n",
    "PostedDate": "2016-05-02T04:53:07.43-07:00",
    "UserRole": null,
    "MarkedAsAnswerDate": null
  },
  {
    "Id": "1472368",
    "ThreadId": "654165",
    "Html": "Yes, I see it like usual droplist but without ckeckboxes<br />\n<pre><code>&lt;FIELD name=&quot;Some name&quot; refname=&quot;My.My.MultiVersions&quot; type=&quot;String&quot;&gt;\n        &lt;HELPTEXT&gt;Some name&lt;/HELPTEXT&gt;\n        &lt;SUGGESTEDVALUES expanditems=&quot;true&quot;&gt;\n          &lt;LISTITEM value=&quot;[2.1]&quot; /&gt;\n          &lt;LISTITEM value=&quot;[2.2]&quot; /&gt;\n          &lt;LISTITEM value=&quot;[2.3]&quot; /&gt;\n        &lt;/SUGGESTEDVALUES&gt;\n      &lt;/FIELD&gt;</code></pre>\n\n<pre><code>&lt;Control FieldName=&quot;My.My.MultiVersions&quot; Type=&quot;FieldControl&quot; PreferredType=&quot;MultiValueControl&quot; Label=&quot;MultiVers&quot; LabelPosition=&quot;Left&quot; /&gt;</code></pre>\n\nOr I should link here all text from Bug.xml?<br />\nThx!<br />\n",
    "PostedDate": "2016-05-03T23:44:33.68-07:00",
    "UserRole": null,
    "MarkedAsAnswerDate": null
  },
  {
    "Id": "1472433",
    "ThreadId": "654165",
    "Html": "I'm going from memory here but could you try this:  Assign the value &quot;MultiValueControl&quot; to the <strong>Type</strong> attribut and also remove the <strong>PreferrerType</strong> attribute from the &lt;Control&gt; definition?\r<br />\n<br />\nIf I recall, the web control does not support the PreferrerType/Type fallback mecanism and needs to have the desired control type specified in the Type attribute.\r<br />\n<br />\nRegards,\r<br />\n<br />\nStéphane<br />\n",
    "PostedDate": "2016-05-04T10:37:22.483-07:00",
    "UserRole": null,
    "MarkedAsAnswerDate": "2016-05-05T01:20:26.997-07:00"
  },
  {
    "Id": "1472512",
    "ThreadId": "654165",
    "Html": "<strong>jjslagace wrote:</strong><br />\n<blockquote>\nI'm going from memory here but could you try this:  Assign the value &quot;MultiValueControl&quot; to the <strong>Type</strong> attribut and also remove the <strong>PreferrerType</strong> attribute from the &lt;Control&gt; definition?<br />\n<br />\nIf I recall, the web control does not support the PreferrerType/Type fallback mecanism and needs to have the desired control type specified in the Type attribute.<br />\n<br />\nRegards,<br />\n<br />\nStéphane<br />\n</blockquote>\nYes, it helps! Thank you!!<br />\n",
    "PostedDate": "2016-05-05T01:20:22.143-07:00",
    "UserRole": null,
    "MarkedAsAnswerDate": null
  }
]