[
  {
    "Id": "193837",
    "ThreadId": "57356",
    "Html": "<p>Hi everyone,</p>\r\n<p>I have two issues when creating a multi value control.</p>\r\n<p>1)&nbsp;I have created a multiple value control like below. It is OK when I hard-coding the List Item value.</p>\r\n<p>&lt;FIELD name=&quot;Triage&quot; refname=&quot;Microsoft.VSTS.Common.Triage&quot; type=&quot;String&quot; reportable=&quot;dimension&quot;&gt; <br>&lt;REQUIRED /&gt;&nbsp;<br>&lt;SUGGESTEDVALUES expanditems=&quot;false&quot;&gt; <br>&lt;LISTITEM value=&quot;[Name A]&quot; /&gt; <br>&lt;LISTITEM value=&quot;[Name B]&quot; /&gt; <br>&lt;LISTITEM value=&quot;[Name C]&quot; /&gt; <br>&lt;/SUGGESTEDVALUES&gt; <br>&lt;/FIELD&gt;</p>\r\n<p>But when I used Global list, an error message occur: &quot;Triage does not have any values to list in the multiple value control. See &ldquo;Work Item Tracking Multiple Value Control.doc&rdquo; for details on defining a field to support the multiple value control&quot;.</p>\r\n<p>my global list defined as:</p>\r\n<p>&lt;?xml version=&quot;1.0&quot; encoding=&quot;utf-8&quot;?&gt; <br>&lt;gl:GLOBALLISTS xmlns:gl=&quot;http://schemas.microsoft.com/VisualStudio/2005/workitemtracking/globallists&quot;&gt; <br>&lt;GLOBALLIST name=&quot;TechnicalGroups&quot;&gt; <br>&lt;LISTITEM value=&quot;[Name A]&quot; /&gt; <br>&lt;LISTITEM value=&quot;[Name B]&quot; /&gt; <br>&lt;LISTITEM value=&quot;[Name C]&quot; /&gt; <br>&lt;/GLOBALLIST&gt; <br>&lt;/gl:GLOBALLISTS&gt;&nbsp;</p>\r\n<p>my work item defined as:</p>\r\n<p>&lt;FIELD name=&quot;Triage&quot; refname=&quot;Microsoft.VSTS.Common.Triage&quot; type=&quot;String&quot; reportable=&quot;dimension&quot;&gt; <br>&lt;REQUIRED /&gt; <br>&lt;SUGGESTEDVALUES expanditems=&quot;false&quot;&gt; <br>&lt;GLOBALLIST name=&quot;TechnicalGroups&quot; /&gt; <br>&lt;/SUGGESTEDVALUES&gt; <br>&lt;/FIELD&gt;</p>\r\n<p>I have found similar issues like this in this forum, but still don't get the solution. Can someone help me out please?</p>\r\n<p>2) &nbsp;I have installed WitCustomControlSetup.exe in my server to implement multi value control. But I cannot used it in the client when I want to add a work item. Something like the dll is missing. Do i need to install&nbsp;WitCustomControlSetup.exe in every client to use it? Please help on this.</p>\r\n<p>Thanks in advance.</p>",
    "PostedDate": "2009-05-25T01:58:06.96-07:00",
    "UserRole": null,
    "MarkedAsAnswerDate": null
  },
  {
    "Id": "452730",
    "ThreadId": "57356",
    "Html": "<p>I did a search on the internet because I had a similar problem as #1 but with hard coding the values.&nbsp; So posting my solution.&nbsp; Not exactly the same scenario but might help someone else looking.</p>\r\n<p><span style=\"text-decoration:underline\">Regarding #1:</span>&nbsp;</p>\r\n<p><span style=\"color:#000000\">Values needs to be in a SUGGESTEDVALUES list&nbsp; not ALLOWEDVALUES list. Because of a limitation in the system. If you set the allowed value, it will only allow one of those values. For instance if you check two of them, the value can be &ldquo;<strong>[BVT],[Functional]</strong>&rdquo;, but that entire value is not allowed because it&rsquo;s not in the list.</span></p>\r\n<p><span style=\"color:#000000\">Suggested on the other hand allows anything on the server side, but we limit the selection to the supplied values from the custom control. This control is more of a client hack, because we don&rsquo;t have a server field that supports Multi Value.</span></p>\r\n<p><span style=\"color:#1f497d\">&nbsp;</span><span style=\"text-decoration:underline\">Regarding #2: </span></p>\r\n<p>You have to install the MultiValueControl.wicc and CodePlex.WitCustomControls.dll on the client machines at the following location under a default client install: C:\\ProgramData\\Microsoft\\Team Foundation\\Work Item Tracking\\Custom Controls.&nbsp; The install can be found at <a href=\"http://witcustomcontrols.codeplex.com/wikipage?title=Multivalue control&referringTitle=Home\">http://witcustomcontrols.codeplex.com/wikipage?title=Multivalue%20control&amp;referringTitle=Home</a></p>\r\n<p>&nbsp;</p>",
    "PostedDate": "2010-06-07T16:57:40.443-07:00",
    "UserRole": null,
    "MarkedAsAnswerDate": null
  }
]