[
  {
    "Id": "23136",
    "ThreadId": "7200",
    "Html": "\r\nHi again!<br /><br />The duplicate control that Naren posted on his blog is a promising way to expose a link to another (exactly one) work item in a nice way. However I would like to have the other work item's title displayed as well.<br />I guess this could be done in two ways.<br />1) store the title of the other work item (actually a mother of this work item)<br />2) read the title of the other work item every time you open this one (performance cost)<br /><br />However I have some difficulty in getting the title. I had hoped to be able to read it form the WitPicker, but that does not seem to work.<br /><br />Any ideas or thoughts?<br /><br />/Tomas<br />",
    "PostedDate": "2007-02-12T05:16:55.777-08:00",
    "UserRole": null,
    "MarkedAsAnswerDate": null
  },
  {
    "Id": "24830",
    "ThreadId": "7200",
    "Html": "\r\nHi Tomas, you get the reference to WorkItem in your custom control, and you can get the field that stores the duplicate item. I not sure what specific problems you face using the OM to access that workitem.<br />",
    "PostedDate": "2007-02-26T13:40:21.577-08:00",
    "UserRole": null,
    "MarkedAsAnswerDate": null
  },
  {
    "Id": "24904",
    "ThreadId": "7200",
    "Html": "\r\nActually I could read the title of the other work item every time I open this workitem (no 2) to be sure the field shows correct information even if it was changed.<br />Otherwise I could read the title once and store it in a field. In that case it would be nice to get it via the WorkItemPicker...<br /><br />/Tomas<br />",
    "PostedDate": "2007-02-27T04:08:35.8-08:00",
    "UserRole": null,
    "MarkedAsAnswerDate": null
  }
]