[
  {
    "Id": "1251849",
    "ThreadId": "547244",
    "Html": "Hi,<br />\nWe have setup the 'MultiValue Control' on our servers, and its working really great but we have a little problem.<br />\n<br />\nWe have a field that it's allowed/suggested values is dependent on the value from another field,<br />\na simple 'WHEN' rule in TFS:<br />\n<pre><code>&lt;FieldValueCondition field=&quot;Custom.OS&quot; value=&quot;Windows&quot;&gt;\n  &lt;SUGGESTEDVALUES expanditems=&quot;true&quot;&gt;\n    &lt;LISTITEM value=&quot;Value1&quot; /&gt;\n    &lt;LISTITEM value=&quot;Value2&quot; /&gt;\n  &lt;/SUGGESTEDVALUES&gt;\n&lt;/FieldValueCondition&gt;</code></pre>\n\nIt works great, but we want now that, the dependent field will be a MultiValue control.<br />\n<br />\nChanged the values to include braces ([Value1],[Value2] etc..) and changed the field to be of type MultiValue control.<br />\n<br />\nWhen changing the parent field (the field that will influence the other) - nothing happens in the dependent field, we have to first save the workitem, refresh the page and then the multivalue control will update..<br />\n<br />\nThis is before the change:<br />\n<img src=\"http://i.imgur.com/gf8oZ94.jpg\" alt=\"Image\" /><br />\n<br />\nAfter change (no save):<br />\n<img src=\"http://i.imgur.com/a1lgSn3.jpg\" alt=\"Image\" /><br />\n<br />\nAfter with save and page refresh:<br />\n<img src=\"http://i.imgur.com/ejW7qO8.jpg\" alt=\"Image\" /><br />\n<br />\nThe multivalue control wont &quot;fire&quot; its update event after changing a field, only after page refresh, what can we do?<br />\n<br />\nThanks<br />\n",
    "PostedDate": "2014-06-02T00:43:45.64-07:00",
    "UserRole": null,
    "MarkedAsAnswerDate": null
  },
  {
    "Id": "1260196",
    "ThreadId": "547244",
    "Html": "Hmm, not sure if this is a scenario we've tested. I will setup a test and see what we can do.<br />\n",
    "PostedDate": "2014-06-26T14:05:43.097-07:00",
    "UserRole": null,
    "MarkedAsAnswerDate": null
  },
  {
    "Id": "1262986",
    "ThreadId": "547244",
    "Html": "Hi, any news about this?<br />\n",
    "PostedDate": "2014-07-06T01:45:29.323-07:00",
    "UserRole": null,
    "MarkedAsAnswerDate": null
  },
  {
    "Id": "1279490",
    "ThreadId": "547244",
    "Html": ".........?<br />\n",
    "PostedDate": "2014-07-31T02:59:13.38-07:00",
    "UserRole": null,
    "MarkedAsAnswerDate": null
  },
  {
    "Id": "1279532",
    "ThreadId": "547244",
    "Html": "Totally forgot this over the summer :-( I will take a look this week.<br />\n",
    "PostedDate": "2014-07-31T04:42:43.073-07:00",
    "UserRole": null,
    "MarkedAsAnswerDate": null
  },
  {
    "Id": "1288824",
    "ThreadId": "547244",
    "Html": "Any news?<br />\n",
    "PostedDate": "2014-08-11T05:27:13.003-07:00",
    "UserRole": null,
    "MarkedAsAnswerDate": null
  },
  {
    "Id": "1289416",
    "ThreadId": "547244",
    "Html": "We're looking into it but the short answer is that's there's no support for this implemented, We're investigating what would be required to add the support, I will post back with what we find.<br />\n",
    "PostedDate": "2014-08-12T12:57:00.617-07:00",
    "UserRole": null,
    "MarkedAsAnswerDate": null
  },
  {
    "Id": "1328672",
    "ThreadId": "547244",
    "Html": "<strong>MOlausson wrote:</strong><br />\n<blockquote>\nWe're looking into it but the short answer is that's there's no support for this implemented, We're investigating what would be required to add the support, I will post back with what we find.<br />\n</blockquote>\nAny progress / news on that?<br />\n",
    "PostedDate": "2014-12-04T01:44:11.803-08:00",
    "UserRole": null,
    "MarkedAsAnswerDate": null
  }
]