[
  {
    "Id": "1224616",
    "ThreadId": "539535",
    "Html": "I have 3 users who installed Team Explorer for Microsoft Visual Studio 2013  (<a href=\"http://www.microsoft.com/en-us/download/details.aspx?id=40776\" rel=\"nofollow\">http://www.microsoft.com/en-us/download/details.aspx?id=40776</a>).\r<br />\n<br />\nI had them install the downloaded 1.2.0.0 version for VS 2013\r<br />\n<br />\nThey get an error when they open a WI with this control on it. Should I have them use the beta 1.2.1.0?\r<br />\n<br />\n<strong>ERROR</strong>\r<br />\nCould not load file or assembly 'System.Web.Helpers, Version=2.0.0.0, Culture=neutral, PublicKeyToken=31bf3856ad364e35' or one of its dependencies. The system cannot find the file specified.<br />\n",
    "PostedDate": "2014-03-19T16:21:24.237-07:00",
    "UserRole": null,
    "MarkedAsAnswerDate": null
  },
  {
    "Id": "1225417",
    "ThreadId": "539535",
    "Html": "Hi MADCookie,\r<br />\n<br />\nYes definitely.\r<br />\n<br />\nThere is a dependency on some dll that where missing from the original installer.\r<br />\n<br />\nRegards,\r<br />\n<br />\nStéphane<br />\n",
    "PostedDate": "2014-03-21T16:42:31.35-07:00",
    "UserRole": null,
    "MarkedAsAnswerDate": "2014-06-18T13:18:30.51-07:00"
  },
  {
    "Id": "1225418",
    "ThreadId": "539535",
    "Html": "Thanks! I got with 2 of the 3 users and the beta 1.2.1.0 worked PERFECTLY!! The 3rd person is out of town. \r<br />\n<br />\nThis is working great for us on Team Explorer.<br />\n",
    "PostedDate": "2014-03-21T16:44:25.947-07:00",
    "UserRole": null,
    "MarkedAsAnswerDate": null
  }
]