[
  {
    "Id": "446042",
    "ThreadId": "213473",
    "Html": "<p>I'm a bit new to this space, and would appreciate some advice.</p>\r\n<p>I'm interested in adding functionality to a work item such that it will display a list of files that are associated with the work item in a new tab. &nbsp;The functionality is similar to the links tab (LinksControl) that displays a list of changesets, but I would like to eliminate the drillthrough necessary to get to the individual files.</p>\r\n<p>Has anyone done something like this? &nbsp;Or can anyone offer me advice on how to begin?</p>\r\n<p>&nbsp;</p>\r\n<p>Thanks.</p>",
    "PostedDate": "2010-05-21T15:24:10.237-07:00",
    "UserRole": null,
    "MarkedAsAnswerDate": null
  }
]