[
  {
    "Id": "101127",
    "ThreadId": "30359",
    "Html": "Does anyone have a &quot;Multivalue Control&quot;&nbsp;that works&nbsp;on the server side and&nbsp;in TSWA? What I'm looking for is something similar to the one mentioned in Hayderc's 'Welcome to TFS Work Item Tracking Custom Controls home page!', shown below. We are using VS2008 for our development environment.<br>\r\n<br>\r\n<img alt=multivaluecontrol.jpg src=\"http://www.codeplex.com/Project/Download/FileDownload.aspx?ProjectName=WitCustomControls&DownloadId=19094\"><br>\r\n<br>\r\nThanks,<br>\r\nPhil\r\n",
    "PostedDate": "2008-06-26T15:09:56.22-07:00",
    "UserRole": null,
    "MarkedAsAnswerDate": null
  },
  {
    "Id": "101747",
    "ThreadId": "30359",
    "Html": "<p>I have not developed a custom control for webaccess but&nbsp;I heard its just as easy. They have examples in the SDK. check out this blog by Naren:&nbsp;<a href=\"http://blogs.msdn.com/narend/archive/2007/11/20/building-custom-controls-in-team-system-web-access.aspx\">http://blogs.msdn.com/narend/archive/2007/11/20/building-custom-controls-in-team-system-web-access.aspx</a></p>\r\n<p>-Hayder</p>\r\n",
    "PostedDate": "2008-06-30T16:20:27.953-07:00",
    "UserRole": null,
    "MarkedAsAnswerDate": null
  }
]