[
  {
    "Id": "202074",
    "ThreadId": "59679",
    "Html": "<p>Hi,</p>\r\n<p>&nbsp;&nbsp;&nbsp;&nbsp;&nbsp;&nbsp;&nbsp; I have created a multivalue control which has a bunch of values. When i try to save a record which has more than 255 characters it threw an error saying that length of the field value has exceeded 255 characters. After doing some research i found out that the column defined in the database has a size of 256. Is there anyway we can control this? This is kind of critical for our implementation. If we can't control this is there any other control that can provide the same functionality.</p>",
    "PostedDate": "2009-06-16T08:41:54.507-07:00",
    "UserRole": null,
    "MarkedAsAnswerDate": null
  },
  {
    "Id": "205204",
    "ThreadId": "59679",
    "Html": "<p>Maybe you can use a PlainText field instead?</p>\r\n<p>http://msdn.microsoft.com/en-us/library/ms194980.aspx</p>\r\n<p>&nbsp;</p>",
    "PostedDate": "2009-06-24T17:21:05.46-07:00",
    "UserRole": null,
    "MarkedAsAnswerDate": null
  },
  {
    "Id": "205578",
    "ThreadId": "59679",
    "Html": "<p>I can't use plaintext field as it doesn't accept suggestedvalues list. Is there any other way of updating the field length and also by passing the field validation.</p>",
    "PostedDate": "2009-06-25T11:20:27.037-07:00",
    "UserRole": null,
    "MarkedAsAnswerDate": null
  },
  {
    "Id": "217709",
    "ThreadId": "59679",
    "Html": "<p>You can modify the control such that you can specify a PlainText field for the field itself and a different field for the allowed values. you can specify custom attributes in the control element in the&nbsp;WIT defintion XML. you need to modify this custom control to read the custom attributes and use the alternate field for allowed values. Hope this is clear. let me know if you have more questions.</p>",
    "PostedDate": "2009-07-30T11:48:21.81-07:00",
    "UserRole": null,
    "MarkedAsAnswerDate": null
  },
  {
    "Id": "217738",
    "ThreadId": "59679",
    "Html": "<p>I tried that too but the problem is you cant query a plaintext field.</p>",
    "PostedDate": "2009-07-30T13:09:15.333-07:00",
    "UserRole": null,
    "MarkedAsAnswerDate": null
  },
  {
    "Id": "226483",
    "ThreadId": "59679",
    "Html": "<p>its&nbsp;not as nice to query with but you can do&nbsp;alot with&nbsp;contains and does not contains. if you are looking for only one field is chekced use contains the specific tag and does not contain ; so you know its a single value...etc.</p>",
    "PostedDate": "2009-08-21T12:27:41.043-07:00",
    "UserRole": null,
    "MarkedAsAnswerDate": null
  },
  {
    "Id": "273233",
    "ThreadId": "59679",
    "Html": "<p>I have some similar kind of issue. I am using multivalue control having list of users. The purpose of this field in our project is to notify the selected users whenever a workitem is changed. In alert editor I cannot apply &quot;contains&quot; filter. However it has changes, change to and changes from filter options which are not workable in my case. Please guide me on how to achieve this behavior using multivalue control.</p>\r\n<p>The basic requirement is to send email to all selected users whenever a workitem is changed.</p>",
    "PostedDate": "2010-01-05T02:45:21.91-08:00",
    "UserRole": null,
    "MarkedAsAnswerDate": null
  }
]