[
  {
    "Id": "79758",
    "ThreadId": "23790",
    "Html": "\r\nI know about the MinimumSize attribute, but other than that, is there any way to better set the size of the control?  I want the control to fill out the rest of the space when it is placed in a tab control.  If the user resizes Visual Studio, I want the control to float with the boundary of the tab control<br /><br />Currently, without a MinimumSize attribute, the control seems to float to the right edge of the tab control, but not to the bottom.  It leaves empty space below the control.  This is really inconvenient with the web browser control, because you don't get a very much room to view the browser page.<br /><br />In Windows Forms applications, this type of behavior is easy to create by using the .Anchor property and setting it to Top | Left | Bottom | Right.  I tried this with the web browser control, but it didn't work.  I think Team Explorer ignores any .Anchor property set by the control constructor, and probably resets it to what it wants.<br /><br />Ideas?<br />",
    "PostedDate": "2008-03-11T09:57:06.82-07:00",
    "UserRole": null,
    "MarkedAsAnswerDate": null
  },
  {
    "Id": "86130",
    "ThreadId": "23790",
    "Html": "\r\nThis msdn article might be useful: <a href=\"http://msdn2.microsoft.com/en-us/library/ms243834(VS.80).aspx\" class=\"externalLink\">http://msdn2.microsoft.com/en-us/library/ms243834(VS.80).aspx<span class=\"externalLinkIcon\" style=\"font-family:Consolas, Courier New, Courier, Monospace;\"></span></a><br />",
    "PostedDate": "2008-04-10T12:37:48.57-07:00",
    "UserRole": null,
    "MarkedAsAnswerDate": null
  }
]