[
  {
    "Id": "1208925",
    "ThreadId": "532115",
    "Html": "Hi,\r<br />\n<br />\nI accidentally install the 2013 version on the TFS 2012, obviously it didn't work. then I uninstall and install again the 2012 version. and it is still not working.\r<br />\nI don't think that there is a problem with the template because in visual studio every thing is working properly!\r<br />\n<br />\nThere are any suggestions? \r<br />\nWhat should i do to make it work on the TFS 2012 (web)?<br />\n\r<br />\nThanks....<br />\n",
    "PostedDate": "2014-02-16T02:27:11.63-08:00",
    "UserRole": null,
    "MarkedAsAnswerDate": null
  },
  {
    "Id": "1208928",
    "ThreadId": "532115",
    "Html": "I assume you have closed and opened a new web browser to make sure it's not a client-side issue? If you include the error message you get we can try to figure out what's wrong.<br />\n",
    "PostedDate": "2014-02-16T02:55:35.477-08:00",
    "UserRole": null,
    "MarkedAsAnswerDate": null
  },
  {
    "Id": "1208932",
    "ThreadId": "532115",
    "Html": "I don't have any error message, I just don't see the selection in the drop down, i will try to make my self clearer, I edit everything as the guide said in my visual studio it is working and i can see and use the multi selection boxes, but in tfs 2012 the web client, i can see at the drop down only the values like this: [IE8] but the multi selection is not working. any idea?<br />\n",
    "PostedDate": "2014-02-16T03:06:39.747-08:00",
    "UserRole": null,
    "MarkedAsAnswerDate": null
  },
  {
    "Id": "1208935",
    "ThreadId": "532115",
    "Html": "Can you post an example of the field definition?<br />\n",
    "PostedDate": "2014-02-16T03:16:54.933-08:00",
    "UserRole": null,
    "MarkedAsAnswerDate": null
  },
  {
    "Id": "1208942",
    "ThreadId": "532115",
    "Html": "this is what i have:\r<br />\n<br />\n &lt;FIELD name=&quot;Browser&quot; refname=&quot;Custom.browser&quot; type=&quot;String&quot; reportable=&quot;detail&quot;&gt; <br />\n<pre><code>          &lt;SUGGESTEDVALUES expanditems=&quot;true&quot;&gt; \n            &lt;LISTITEM value=&quot;[IE8]&quot; /&gt; \n            &lt;LISTITEM value=&quot;[ALL]&quot; /&gt; \n          &lt;/SUGGESTEDVALUES&gt; \n        &lt;/FIELD&gt;\n</code></pre>\n\n&lt;Control FieldName=&quot;Custom.browser&quot; Type=&quot;FieldControl&quot; PreferredType=&quot;MultiValueControl&quot; Label=&quot;Browser&quot; LabelPosition=&quot;Left&quot; /&gt;<br />\n",
    "PostedDate": "2014-02-16T03:45:19.313-08:00",
    "UserRole": null,
    "MarkedAsAnswerDate": null
  },
  {
    "Id": "1208998",
    "ThreadId": "532115",
    "Html": "Can you try to change the Control definition to explicitly use the type=MultiValueControl:<br />\n<pre><code>&lt;Control Type=&quot;MultiValueControl&quot; FieldName=&quot;Custom.browser&quot; Label=&quot;Browser&quot; LabelPosition=&quot;Left&quot; /&gt;</code></pre>\n\nand see if that works better?<br />\n",
    "PostedDate": "2014-02-16T07:31:08.677-08:00",
    "UserRole": null,
    "MarkedAsAnswerDate": null
  },
  {
    "Id": "1209015",
    "ThreadId": "532115",
    "Html": "It works!!!! thank you very much :)<br />\n",
    "PostedDate": "2014-02-16T08:05:51.167-08:00",
    "UserRole": null,
    "MarkedAsAnswerDate": null
  },
  {
    "Id": "1209052",
    "ThreadId": "532115",
    "Html": "Great to hear it worked. I'll investigate if the PreferredType might make sense to support as well.<br />\n",
    "PostedDate": "2014-02-16T09:23:53.323-08:00",
    "UserRole": null,
    "MarkedAsAnswerDate": null
  }
]