[
  {
    "Id": "90534",
    "ThreadId": "27127",
    "Html": "\r\nI've looked into the Multivalue control and I understand that the control has a list of hardcoded values in the suggested values fields:<br /><br />      &lt;FIELD name=\"Triage\" refname=\"Microsoft.VSTS.Common.Triage\" type=\"String\" reportable=\"dimension\"&gt;<br />        &lt;SUGGESTEDVALUES expanditems=\"false\"&gt;<br />          &lt;LISTITEM value=\"<a href=\"http://www.codeplex.com/WitCustomControls/Wiki/View.aspx?title=Approved\">Approved</a>\" /&gt;<br />          &lt;LISTITEM value=\"<a href=\"http://www.codeplex.com/WitCustomControls/Wiki/View.aspx?title=Investigate\">Investigate</a>\" /&gt;<br />         &lt;LISTITEM value=\"<a href=\"http://www.codeplex.com/WitCustomControls/Wiki/View.aspx?title=Rejected\">Rejected</a>\" /&gt;<br />         &lt;LISTITEM value=\"<a href=\"http://www.codeplex.com/WitCustomControls/Wiki/View.aspx?title=Submit\">Submit</a>\" /&gt;<br />        &lt;/SUGGESTEDVALUES&gt;<br />      &lt;/FIELD&gt;<br /><br />And while I could hard code in a list of values, what I'd like to do is use the multivalue control to be able to assign multiple team members to the work item.<br /><br />In this case I've looked at the assigned to field, and it uses the &lt;ValidUserRule /&gt; for looking up users. <br /><br />How might I setup the multivalue control to query the &lt;ValidUserRule /&gt; and list each user in the fields?<br />",
    "PostedDate": "2008-05-05T07:00:10.703-07:00",
    "UserRole": null,
    "MarkedAsAnswerDate": null
  },
  {
    "Id": "90659",
    "ThreadId": "27127",
    "Html": "\r\nThere are some issues with using such control for assigned to. The way the control works, is that it enclose each value with square brackets []. so you have to supply suggested values but not restrict the field values to those suggestion. I don't belive the AssignedTo Field can work with the control. this will make querying for that field very tricky. Not to mention that it will  break the \"My Work Items\" query, and the  assigned to @me clause.<br />",
    "PostedDate": "2008-05-05T17:14:07.523-07:00",
    "UserRole": null,
    "MarkedAsAnswerDate": null
  }
]