[
  {
    "Id": "1443223",
    "ThreadId": "644604",
    "Html": "Guys<br />\n<pre><code>     in TFS , I need to select multiple values on custom field/drop down , used multi value control.  It's working fine. But I need to do one step ahead , Want to use it conditionally. </code></pre>\n\nIn two custom fields , here I want to apply WHEN Condition to display different values on selecting particular Value in particular custom field These value should be multi valued control. Kindly share if there is any way to use Multi values on WHEN condition.\r<br />\n<br />\nHere is the message appeared when I do ::\r<br />\n<br />\nField Name... doesn't have any value to list in the multi value control....\r<br />\n<br />\nThank you.\r<br />\nWaseem Bukhari\r<br />\nCMer<br />\n",
    "PostedDate": "2015-09-04T10:31:08.37-07:00",
    "UserRole": null,
    "MarkedAsAnswerDate": null
  }
]