[
  {
    "Id": "112240",
    "ThreadId": "33864",
    "Html": "Hi,<br>\r\n<br>\r\nI have been trying to get the screenshot capture control working on a mixed client environment(unfortunately not all our developers are using VS2008 yet), we are currently running a VS2008 TFS with the custom control install and i have no problem viewing forms with the control in using VS2008. But when i try and view the same forms using VS2005 i get a 'object reference not set to an instance of an object', any ideas why this isn't working? i've got the SP1 installed with VS2005 as i need this to connect to TFS 2008 anyway.<br>\r\n<br>\r\nAny help would be great,<br>\r\n<br>\r\nThanks,<br>\r\n<br>\r\nJC<br>\r\n",
    "PostedDate": "2008-08-19T23:02:07.917-07:00",
    "UserRole": null,
    "MarkedAsAnswerDate": null
  }
]