[
  {
    "Id": "1469103",
    "ThreadId": "653251",
    "Html": "Can I interchange the steps to install this control like this:<br />\n<ol>\n<li>Install the control for TFS Web Access.</li>\n<li>Update your work item type definitions using witadmin or the process template editor.</li>\n</ol>\n",
    "PostedDate": "2016-04-05T13:05:49.647-07:00",
    "UserRole": null,
    "MarkedAsAnswerDate": null
  },
  {
    "Id": "1472516",
    "ThreadId": "653251",
    "Html": "Yes that should work, the control gets uploaded to the server independent of where it's used.<br />\n",
    "PostedDate": "2016-05-05T01:52:29.597-07:00",
    "UserRole": null,
    "MarkedAsAnswerDate": null
  }
]