[
  {
    "Id": "1424153",
    "ThreadId": "637437",
    "Html": "Hi, <br />\n<br />\nIn regards to the entry on the Homepage <br />\n<br />\n&quot;Difficulty Level: Medium: Math expression control: Control to evaluate an expression based on value of other fields and display result. Example: Show effective priority which is function of Priority &amp; Severity. &quot;<br />\n<br />\n<br />\nMaybe you could get in contact with konamiman who already did that for TFS2010 and integrate that into the Project?<br />\n<br />\n<a href=\"http://www.codeproject.com/Articles/114592/Expression-Control-for-TFS-Work-Items\" rel=\"nofollow\">Konamiman's ExpressionControl for TFS 2010</a><br />\n<br />\n<br />\nBR KarmaEDV<br />\n<br />\n<br />\n**P.S. Please correct the title to &quot;Your suggested Math expression Controller ...&quot;<br />\n",
    "PostedDate": "2015-05-08T04:56:55.027-07:00",
    "UserRole": null,
    "MarkedAsAnswerDate": null
  }
]