[
  {
    "Id": "170242",
    "ThreadId": "50779",
    "Html": "I have added a multivalue control to my work item. It works fine on the client server side. On the web interface it created a Text Field instead of a multivalue list. Also how do I populate the field allowed values. Do i need to add the values in the code? Can someone help me out?<br>\r\n",
    "PostedDate": "2009-03-20T09:29:24.17-07:00",
    "UserRole": null,
    "MarkedAsAnswerDate": null
  },
  {
    "Id": "192906",
    "ThreadId": "50779",
    "Html": "<p>Hi praveenadini,<br><br>For the web interface (I assume you mean Team System Web Access), you need to deploy the custom control to the C:\\Program Files\\Microsoft Visual Studio 2008 Team System Web Access\\Web\\App_Data\\CustomControls (that is if you installed it&nbsp;to the default path).</p>\r\n<p>However, you need a different control (WebControl) than the one you used for team explorer for it to work in TSWA.&nbsp; You can find it in the SDK that comes with TSWA under C:\\Program Files\\Microsoft Visual Studio 2008 Team System Web Access\\Sdk\\CustomControlSamples.&nbsp;</p>\r\n<p>Regards,</p>",
    "PostedDate": "2009-05-21T12:01:04.797-07:00",
    "UserRole": null,
    "MarkedAsAnswerDate": null
  }
]