[
  {
    "Id": "68516",
    "ThreadId": "20631",
    "Html": "\r\nThe multivalue control stores values as a string.<br /><br />Therefore in the datawarehouse each value different user selection is present.<br />Ex: \"<a href=\"http://www.codeplex.com/WitCustomControls/Wiki/View.aspx?title=Approved\">Approved</a>\", \"<a href=\"http://www.codeplex.com/WitCustomControls/Wiki/View.aspx?title=Investigate\">Investigate</a>\" is one value and \"<a href=\"http://www.codeplex.com/WitCustomControls/Wiki/View.aspx?title=Investigate\">Investigate</a>\" is another.<br /><br />Does anyone know how we could report each selected value to appear only as once value in the datawarehouse. <br />",
    "PostedDate": "2008-01-17T08:36:05.747-08:00",
    "UserRole": null,
    "MarkedAsAnswerDate": null
  }
]