[
  {
    "Id": "94872",
    "ThreadId": "28451",
    "Html": "I copied the *.wicc and Dlls to &quot;C:\\Documents and Settings\\All Users\\Application Data\\Microsoft\\Team Foundation\\Work Item Tracking\\Custom Controls&quot; on the client machine, as I understand that's the whole installation process, next I start VS2008, open TeamExplorer and click on a WorkItem, but aside the usual WI Form I don't see any new controls.<br>\r\n<br>\r\nWhat is it that I'm doing wrong?<br>\r\n",
    "PostedDate": "2008-05-27T03:34:47.457-07:00",
    "UserRole": null,
    "MarkedAsAnswerDate": null
  },
  {
    "Id": "94932",
    "ThreadId": "28451",
    "Html": "Just to make sure: you have updated the work item definition where you want the control to appear? Double-check that the change you've made is there, I've had problems when using the Process Template editor live against the WITs on a server. Export the WIT, look at it locally and make sure the field definition is ok.<br>\r\n<br>\r\nThe other thing I can think of rigth away is that VS will cache the WI definitions and then a refresh in the Team Explorer will make it work.\r\n",
    "PostedDate": "2008-05-27T08:01:29.053-07:00",
    "UserRole": null,
    "MarkedAsAnswerDate": null
  },
  {
    "Id": "95165",
    "ThreadId": "28451",
    "Html": "The steps I described in my first Post is all I did.<br>\r\nFrankly I'm didn't exactly understood from your words what is it that I can do to make it work.<br>\r\n",
    "PostedDate": "2008-05-28T03:04:02.853-07:00",
    "UserRole": null,
    "MarkedAsAnswerDate": null
  },
  {
    "Id": "96135",
    "ThreadId": "28451",
    "Html": "<span style=\"font-family:tahoma\">What I ment was that in order to work with a custom work item control you must first create the control (obsviously) and then update the work item type definition on the TFS server. Nowdays you typically use the Process Template editor included in the Team Foundation Server Power Tools to update the work item type to contain a field of the type of the control and a form element referring to that control. When you have that in place just make sure the work item defintion is uploaded to the TFS server correctly and then you may need to refresh the client (visual Studio) to actually see the updated work item form.<br>\r\n<br>\r\nDoes this make it clearer to you? </span>\r\n",
    "PostedDate": "2008-06-01T22:03:16.81-07:00",
    "UserRole": null,
    "MarkedAsAnswerDate": null
  },
  {
    "Id": "96219",
    "ThreadId": "28451",
    "Html": "I suppose so, thanks.<br>\r\n",
    "PostedDate": "2008-06-02T05:57:52.817-07:00",
    "UserRole": null,
    "MarkedAsAnswerDate": null
  },
  {
    "Id": "96221",
    "ThreadId": "28451",
    "Html": "Good. Just post again if you have more questions.\r\n",
    "PostedDate": "2008-06-02T06:19:21.28-07:00",
    "UserRole": null,
    "MarkedAsAnswerDate": null
  }
]