[
  {
    "Id": "79860",
    "ThreadId": "23834",
    "Html": "\r\nHi All,<br /><br />I am tryong to install Custom controls. I downloaded source, compiled it, run installer on the server where I have TFS 2008 installed. Now, I can see following files in \"C:\\Documents and Settings\\All Users\\Application Data\\Microsoft\\Team Foundation\\Work Item Tracking\\Custom Controls\\\"<br />AttachmentsControl.wicc <br />CodePlex.WitCustomControls.dll <br />MultiValueControl.wicc office.dll <br />ScreenshotControl.wicc <br />WebBrowserControl.wicc <br /><br />I expect to be able to select \"MultiValueControl\" in control type when I modify work item template in template editor. I do not see such option. I tried to export tracking item template and manually change type in xml, but it gives me an error during importing.<br /><br />Did I miss any steps? Please help me.<br /><br />Thank you,<br />Igor<br />",
    "PostedDate": "2008-03-11T16:33:49.603-07:00",
    "UserRole": null,
    "MarkedAsAnswerDate": null
  },
  {
    "Id": "81524",
    "ThreadId": "23834",
    "Html": "\r\nI am trying to get it working as well.<br /><br />What error message are you getting?  It could be because it isn't compatible with the TFS Power tools.<br />Please refer to http://www.codeplex.com/WitCustomControls/Thread/View.aspx?ThreadId=21640<br /><br />Please correct me if I am wrong but, I think it has to be installed on the Client machine. Are you running VS 2005 with SP1 or VS2008? I have issues with VS 2008. I will try to get the source-code and re-compile it with VS 2008 version of TFS assemblies. <br /><br />I would prefer all these instructions are on the download site with setup packages for both VS 2005 and VS 2008. Good luck and please reply if you get it working.<br /><br />Cheers,<br />Raj Aravinthan<br />",
    "PostedDate": "2008-03-18T19:30:58.713-07:00",
    "UserRole": null,
    "MarkedAsAnswerDate": null
  },
  {
    "Id": "81527",
    "ThreadId": "23834",
    "Html": "\r\nI did spend some time investigating how we can incorporate the CheckBox control. But, considering the issues and troubles with install I will leave it for now. My findings are as below. Please give me your feedback if I have got it wrong. Thank you.<br /><br />Deployment:<br /><br />The checkbox control is deployed client side. That means all the client PCs accessing TFS needs to install the assembly files and the '.wicc' files. <br />Two ways to deploy it:<br />1. xcopy deploy - ask users to copy the required files.<br />           On WinServer 2003 it will be;<br />           C:\\Documents and Settings\\&lt;user&gt;\\Local Settings\\Application Data\\Microsoft\\Team Foundation\\Work Item Tracking\\Custom Controls<br />2. Create a setup package. CodePlex has 'UKVSTSWorkItemControlsSetup.msi' for VS 2005.<br /><br /><br />Requirements:<br />1. VS SP1 is mandatory for Client PCs with VS 2005. <br />2. Client PCs with VS 2008 - The Custom Control was compiled against VS 2005 assemblies therefore if client has VS 2008 it will not load the custom control assemblies. <br />                                         They will get an error 'TF210004: The control could not be loaded from the assembly.'<br />                                         To resolve this the Custom Control needs to be re-compiled with VS 2008 version of TFS assemblies and re-deployed to client PCs. <br />                                         The source-code can be downloaded from CodePlex but, we will have get all the assemblies etc before creating a build or setup project/package.<br />                                          NOTE: We will have to remove the source control bindings and I guess we will still be in trouble for not having all the associated '.dll' files!<br />3.  Doesn't work with Team System Web Access 2005.  <br /><br />Known Issues:<br />1. Using the TFS Power Tools updated WIT cannot be uploaded with Custom Controls as it will give an error message saying ' Instance Validation error :'WorkItemCheckBox is not <br />   a valid value for ValidControlsType.' <br /><br />   Solution: Use Command line tool 'witimport' instead.<br /><br />How to:<br />I take the bug work item from MSF agile as an example.<br />1. Export the WIT<br />2. Edit the template manually (Process template Editor is of no help as it doesn't give you the Custom Controls in the 'Type' dropdown list on the layout section.<br />3. take Issue as an example. We have under the FIELDS node;<br />    &lt;FIELD name=\"Issue\" refname=\"Microsoft.VSTS.Common.Issue\" type=\"String\" reportable=\"dimension\"&gt;<br />        &lt;HELPTEXT&gt;Used to highlight the bug, e.g., to mark it as an issue.&lt;/HELPTEXT&gt;<br />        &lt;REQUIRED/&gt;<br />            &lt;ALLOWEDVALUES&gt;<br />                &lt;LISTITEM value=\"Yes\"/&gt;<br />                &lt;LISTITEM value=\"No\"/&gt;<br />            &lt;/ALLOWEDVALUES&gt;<br />        &lt;DEFAULT from=\"value\" value=\"No\"/&gt;<br />    &lt;/FIELD&gt;<br /><br />  Under the FORM section Replace the '&lt;Control Type=\"FieldControl\" FieldName=\"Microsoft.VSTS.Common.Issue\" Label=\"Iss&amp;ue:\" LabelPosition=\"Left\" /&gt;' with the following:<br />        &lt;Control Type=\"WorkItemCheckBox\" <br />             FieldName=\"Microsoft.VSTS.Common.Issue\" <br />             Label=\"Iss&amp;ue:\" <br />             LabelPosition=\"Left\" <br />             Checked=\"Yes\" <br />             Unchecked=\"No\" <br />             Text=\"(Include in issue list)\"/&gt;<br />4. Import the updated WIT using 'witimport'<br /><br /><br /><br />Cheers,<br />Raj Aravinthan<br />",
    "PostedDate": "2008-03-18T20:11:05.41-07:00",
    "UserRole": null,
    "MarkedAsAnswerDate": null
  },
  {
    "Id": "86124",
    "ThreadId": "23834",
    "Html": "\r\nThanks for the post Raj. I will add a paragraph in the release section to further explain the setup process.<br />",
    "PostedDate": "2008-04-10T12:11:57.93-07:00",
    "UserRole": null,
    "MarkedAsAnswerDate": null
  }
]