[
  {
    "Id": "680844",
    "ThreadId": "274999",
    "Html": "\r\n<p>Hi there,</p>\r\n<p>I think it would be great if you could paste pictures into the &quot;Steps to Reproduce&quot;-field for Bugs in Visual Studio. They should be uploaded as an attachment, but be displayed inline with the text in the box.</p>\r\n<p>So far, I only know how to add them as attachments or provide links to externally hosted pictures. It would save me a lot of hassle when creating Bugs with screenshots and also help the developers to see the attached screenshots immediately when opening\r\n the bug instead of having to navigate to the attachment-tab and opening the file.</p>\r\n<p>When searching for a solution, I found several people having the same idea, but no solution so far. (e.g. http://social.msdn.microsoft.com/Forums/pl-PL/tfswebaccess/thread/efbc38bc-4ce5-4db1-9e11-53d160a46321)</p>\r\n<p>Could someone write a control for this? I would be very much appreciated!</p>\r\n<p>Thanks!</p>\r\n",
    "PostedDate": "2011-10-06T08:39:07.38-07:00",
    "UserRole": null,
    "MarkedAsAnswerDate": null
  }
]