[
  {
    "Id": "171860",
    "ThreadId": "51263",
    "Html": "I need to Know how to use this control.<div>I create a cotrol of type &quot;WebBrowserControl&quot;, I complete the Atributes whit :</div><div><div><span style=\"font-style:italic\">URL=http://bbwk35/TFSCargaHoras/Default.aspx?WorkItem={0} </span></div><div><span style=\"font-style:italic\">Params=System.Id</span></div><div>but the URL is truck before &quot;=&quot;</div><div><span style=\"font-style:italic\">&lt;Control Type=&quot;WebBrowserControl&quot; Label=&quot;&quot; LabelPosition=&quot;Left&quot; Dock=&quot;Top&quot; URL=&quot;http://bbwk35/TFSCargaHoras/Default.aspx?WorkItem&quot; Params=&quot;System.Id&quot; /&gt;</span><br></div><div>the URL lose &quot;={0}&quot;.</div><div>someone can help me?<br></div><div><br></div><div>thank.</div></div>",
    "PostedDate": "2009-03-25T07:19:13.69-07:00",
    "UserRole": null,
    "MarkedAsAnswerDate": null
  },
  {
    "Id": "225284",
    "ThreadId": "51263",
    "Html": "<p>I finally figured out what 'diegot' is talking about. (took a bit though, because his description is a bit vague).</p>\r\n<p>Basically, if you're using Process Template Editor to register the WebBrowserControl, a curious behaviour of the editor (within Process Template Editor) is that it trims anything where a second &quot;equals&quot; sign is encountered. I.e. you may have put in</p>\r\n<p>URL=http://bbwk35/TFSCargaHoras/Default.aspx?WorkItem={0}</p>\r\n<p>but when you view it in the XML, it has cleared the value</p>\r\n<p>&lt;Control Type=&quot;WebBrowserControl&quot; Label=&quot;Basic custom label:&quot; LabelPosition=&quot;Top&quot; Dock=&quot;Fill&quot; URL=&quot;http://bbwk35/TFSCargaHoras/Default.aspx?WorkItem&quot; Params=&quot;System.ID&quot; /&gt;</p>\r\n<p>So this is actually a bug in the Process Template Editor, not in the WitCustomControl code.<br>I suggest the workaround (which works for us) is to put the value in the keyname ... i.e. without the equals sign. you could use your own delimiter, so long as the code on the Default.aspx page knows how to iterate through the keys of the Request.QueryString object. i.e. the data is being passed in the name rather than the value but that's okay because it bypasses the problem.</p>\r\n<p>http://bbwk35/TFSCargaHoras/Default.aspx?WorkItem|{0}</p>\r\n<p>This approach worked for our implementation, hope it helps someone else who is encountering the same issue.<br>Regards,</p>",
    "PostedDate": "2009-08-18T23:51:33.12-07:00",
    "UserRole": null,
    "MarkedAsAnswerDate": null
  },
  {
    "Id": "363214",
    "ThreadId": "51263",
    "Html": "<p>The truncation after the equals sign is happening to me also - but I'm using the import/export functionality of the TFS power tools. This presumably does the same thing as the command-line import/export.&nbsp;I'm not sure how else to access the XML file, so I don't know how to prevent the truncation.</p>\r\n<p>I also had trouble passing two parameters. The XML isn't modified on import - it comes back out the same - but the URL sent to the server is truncated at the ampersand. To pass more than one parameter, I defined the attribute like this:</p>\r\n<p>url=&quot;<span style=\"color:#0000ff;font-size:x-small\"><span style=\"color:#0000ff;font-size:x-small\">http://myserver.com/myproject/Loader.htm?Id{0}|AreaId{1}</span></span>&quot;&nbsp; &lt;-- no ampersand in the attribute, escaped or not.</p>\r\n<p>&nbsp;</p>",
    "PostedDate": "2010-02-23T08:26:57.207-08:00",
    "UserRole": null,
    "MarkedAsAnswerDate": null
  }
]