[
  {
    "Id": "1256905",
    "ThreadId": "548855",
    "Html": "Hi, \r<br />\n<br />\nOur server just got upgraded to TFS 2013 from TFS 2012. We were using version 1.1.1.0 for TFS 2012 Web Client, and it was working fine, but after the upgrade, we experienced very strange UI issues when using the web client:<br />\n<ul>\n<li>The toolbar in the web view of the work item (with Save, Refresh, Undo, New Linked Work Item, etc.) disappeared.</li>\n<li>Other controls stopped working or displayed weirdly</li>\n<li>\nThe field with the Multi Value control did not show any values within the dropdown menu.<br />\n</li>\n</ul>\nI thought it might be because of a compatibility issue. But we upgraded to the 1.2.1.0 version for TFS 2013, and it's still the same behavior. Our only workarounds are to use the VS client or to change the Multi Value controls back to Field controls.\r<br />\n<br />\nAny ideas of what's wrong or how to diagnose?\r<br />\n<br />\nThank you.<br />\n",
    "PostedDate": "2014-06-16T21:49:36.023-07:00",
    "UserRole": null,
    "MarkedAsAnswerDate": null
  },
  {
    "Id": "1257098",
    "ThreadId": "548855",
    "Html": "Hi,\r<br />\n<br />\nWe are seeing this as well.  I also get a red error box on the web when I try to create a new record with a multivalue control.\r<br />\n<br />\nCannot read property 'clear' of undefined\r<br />\nTypeError:  Cannot read property 'clear' of undefined<br />\n<pre><code>at MultiValueControl.inherit.bind (https://XX/tfs/_static/tfs/12/_scripts/TFS/min /tfs/_plugins/1954/CodePlex.WitCustomControls.MultiValueControl.js:131:31)\nat MultiValueControl.bind (        https://XX/tfs/_static/tfs/12/_scripts/TFS/min /corejs?v=_MSFW4OfdCDNeZq3uu091cS-RQBlKwXqd57IiCDpwKQ1:435:6134)\nat MultiValueControl.&lt;anonymous&gt; ( https://XX/tfs/_static/tfs/12/_scripts/TFS/min /WorkItemTracking/Scripts/TFS.WorkItemTracking.Controls.js:4:17319)\nat Function.v.extend.each (        https://XX/tfs/_static/tfs/12/_scripts/TFS/min /basejs?v=dGN7LpVYzz1ht2C3dYFc8lW3inYzn_TfeSHjG3xTgic1:24:17564)\nat a.b.bind (                      https://XX/tfs/_static/tfs/12/_scripts/TFS/min /WorkItemTracking/Scripts/TFS.WorkItemTracking.Controls.js:4:17284)\nat a.bind (                        https://XX/tfs/_static/tfs/12/_scripts/TFS/min /WorkItemTracking/Scripts/TFS.WorkItemTracking.Controls.js:4:18957)\n</code></pre>\n\nThe stack trace goes on, but from what I can see there seems to be missing files.  I can't find the basejs or any of the WitCustomControls files.\r<br />\n<br />\nI installed the extension using the extension manager.  Did I miss something in the installation that the files didn't get placed properly?\r<br />\n<br />\nAny thoughts or suggestions would be appreciated.\r<br />\n<br />\nThanks,\r<br />\nJim <br />\n",
    "PostedDate": "2014-06-17T08:24:30.797-07:00",
    "UserRole": null,
    "MarkedAsAnswerDate": null
  },
  {
    "Id": "1257573",
    "ThreadId": "548855",
    "Html": "Hi I just submitted a patch (Id 16490) with a new zip that will fix this issue.\r<br />\n<br />\nSo far, the fix has only been tested on TFS2013.2.\r<br />\n<br />\nSince it did not go throught all the checks yet, please be shure to keep a copy of your prior version if you decide to go with the update.<br />\n",
    "PostedDate": "2014-06-18T10:30:10.277-07:00",
    "UserRole": null,
    "MarkedAsAnswerDate": null
  },
  {
    "Id": "1257599",
    "ThreadId": "548855",
    "Html": "Thank for the update.  From the initial testing I have done it has fixed the main problems we found. \r<br />\n<br />\nJim<br />\n",
    "PostedDate": "2014-06-18T11:26:46.753-07:00",
    "UserRole": null,
    "MarkedAsAnswerDate": null
  },
  {
    "Id": "1259700",
    "ThreadId": "548855",
    "Html": "Is it possible that the web version is not saving the resulting string correctly as compared to the IDE version?  On the web version the items are [Item1][Item2]  on the VS version they are [Item1];[Item2] -- note the ';' inbetween the individual items.\r<br />\n<br />\nThe side effect is that whenever anybody touches a work item in VS that was modified in the web the work item changes.\r<br />\n<br />\nShould the two implementations be the same?\r<br />\n<br />\nJim<br />\n",
    "PostedDate": "2014-06-25T07:42:44.877-07:00",
    "UserRole": null,
    "MarkedAsAnswerDate": null
  },
  {
    "Id": "1274435",
    "ThreadId": "548855",
    "Html": "Can you post your work item type definition so that we can look at how you've defined the control?<br />\n",
    "PostedDate": "2014-07-20T00:02:09.617-07:00",
    "UserRole": null,
    "MarkedAsAnswerDate": null
  }
]