[
  {
    "Id": "1426466",
    "ThreadId": "638347",
    "Html": "Hi,\r<br />\n<br />\nI noticed that the WebAccess plugin is not working on TFS2015 RC. Is there already started with migrating the Plugin?<br />\n",
    "PostedDate": "2015-05-19T15:47:26.297-07:00",
    "UserRole": null,
    "MarkedAsAnswerDate": null
  },
  {
    "Id": "1426489",
    "ThreadId": "638347",
    "Html": "Thanks for the feedback. I'll try to get it updated for 2015 this week.<br />\n",
    "PostedDate": "2015-05-19T22:41:11.583-07:00",
    "UserRole": null,
    "MarkedAsAnswerDate": null
  },
  {
    "Id": "1427592",
    "ThreadId": "638347",
    "Html": "Hi, <br />\n<br />\nIs there any update on when there may be a download for 2015? Upgraded a test environment to TFS 2015 and would be nice test as we use the current version on our 2013 environment<br />\n<br />\nThanks<br />\nAndy<br />\n",
    "PostedDate": "2015-05-26T03:10:05.82-07:00",
    "UserRole": null,
    "MarkedAsAnswerDate": null
  },
  {
    "Id": "1428741",
    "ThreadId": "638347",
    "Html": "Is there any further news on this?<br />\n",
    "PostedDate": "2015-06-04T02:49:02.373-07:00",
    "UserRole": null,
    "MarkedAsAnswerDate": null
  },
  {
    "Id": "1428793",
    "ThreadId": "638347",
    "Html": "Hi Andy,\r<br />\n<br />\nWe're working on an updated, I hope we can get it out this week. \r<br />\n<br />\nMathias<br />\n",
    "PostedDate": "2015-06-04T07:17:05.87-07:00",
    "UserRole": null,
    "MarkedAsAnswerDate": null
  },
  {
    "Id": "1429114",
    "ThreadId": "638347",
    "Html": "Hi,\r<br />\n<br />\nwe are also interested in a version for VS2015 and TFS2015. I've tried compiling the code (works fine) and deploying it (doesn't work)\r<br />\n<br />\nCheers,\r<br />\nRoel<br />\n",
    "PostedDate": "2015-06-05T00:09:36.06-07:00",
    "UserRole": null,
    "MarkedAsAnswerDate": null
  },
  {
    "Id": "1429450",
    "ThreadId": "638347",
    "Html": "Hi,\r<br />\n<br />\nI was able to make the control work in VS2015RC.  The sole required change is to update thereferences in the WitCustomControls project to the new version for the following dlls:<br />\n<ul>\n<li>Microsoft.TeamFoundation.Client</li>\n<li>Microsoft.TeamFoundation.Common</li>\n<li>Microsoft.TeamFoundation.WorkItemTracking.Client</li>\n<li>\nMicrosoft.TeamFoundation.WorkItemTracking.Controls<br />\n</li>\n</ul>\nOn my machine I took the new .dlls from the path: &quot;C:\\Program Files\\Common Files\\microsoft shared\\Team Foundation Server\\14.0&quot;\r<br />\n<br />\nNow lets takle the web version...\r<br />\n<br />\nRegards\r<br />\n<br />\nStéphane<br />\n",
    "PostedDate": "2015-06-07T08:45:08.42-07:00",
    "UserRole": null,
    "MarkedAsAnswerDate": null
  },
  {
    "Id": "1430327",
    "ThreadId": "638347",
    "Html": "We've published a beta for 2015 RC here <a href=\"https://witcustomcontrols.codeplex.com/releases/view/615524\" rel=\"nofollow\">R1.3.0.0</a>.\r<br />\n<br />\nDownload the let us know if there are any issues.\r<br />\n<br />\nMathias<br />\n",
    "PostedDate": "2015-06-13T01:39:25.76-07:00",
    "UserRole": null,
    "MarkedAsAnswerDate": null
  },
  {
    "Id": "1430578",
    "ThreadId": "638347",
    "Html": "works brilliantly :) thanks!<br />\n",
    "PostedDate": "2015-06-16T07:08:05.287-07:00",
    "UserRole": null,
    "MarkedAsAnswerDate": null
  },
  {
    "Id": "1430627",
    "ThreadId": "638347",
    "Html": "Thanks it now works perfectly!<br />\n",
    "PostedDate": "2015-06-16T16:48:00.363-07:00",
    "UserRole": null,
    "MarkedAsAnswerDate": null
  },
  {
    "Id": "1430653",
    "ThreadId": "638347",
    "Html": "Excellent news, thanks for your feedback. I will mark the release as stable for the 2015 RC and test it again against RTM.<br />\n",
    "PostedDate": "2015-06-17T00:05:03.547-07:00",
    "UserRole": null,
    "MarkedAsAnswerDate": null
  },
  {
    "Id": "1454196",
    "ThreadId": "638347",
    "Html": "The custom controls work with VS2015 Update 1 but the web access extension doesn't work with TFS2015 Update 1. It throws up an error like this:\r<br />\n<br />\n&quot;Script error for: /tfs/_plugins/4422/CodePlex.WitCustomControls.MultiValueControl <a href=\"http://requirejs.org/docs/errors.html#scripterror\" rel=\"nofollow\">http://requirejs.org/docs/errors.html#scripterror</a>&quot;<br />\n",
    "PostedDate": "2015-12-01T15:56:33.103-08:00",
    "UserRole": null,
    "MarkedAsAnswerDate": null
  },
  {
    "Id": "1456484",
    "ThreadId": "638347",
    "Html": "I just checked this and on my TFS 2015 Update environment the 1.3.1.0 release works just fine. Can you check that you've tested the same versions (i.e. TFS 14.0.24712.0 and WitCustomControls 1.3.1.0)?<br />\n",
    "PostedDate": "2015-12-19T09:01:06.63-08:00",
    "UserRole": null,
    "MarkedAsAnswerDate": null
  },
  {
    "Id": "1461258",
    "ThreadId": "638347",
    "Html": "Hi we have TFS 2015 version 14.0.24712.0 Update 1. I downloaded WitCustomControls 1.3.1.0.<br />\n<br />\nI used process template editor to export the wit added a new field from VS and also mentioned PreferredType as well.<br />\n<br />\nI installed the extension from web too.<br />\n<br />\nIt is working good on VS 2015 client. However in webaccess it is not showing checkbox to select. Any idea?<br />\n<br />\nI have IE11<br />\n<br />\nPlease help<br />\n",
    "PostedDate": "2016-01-29T03:58:01.077-08:00",
    "UserRole": null,
    "MarkedAsAnswerDate": null
  }
]