[
  {
    "Id": "177335",
    "ThreadId": "52728",
    "Html": "Hi,<br>\r\n<br>\r\n    Can someone please help me out about how to control users from manually entering a value into the multivalue control field. From Team Explorer if we manually enter a value and tried to save the work item it doesn't save it. But when you try to enter the value from TSWA and save the work item it saves the work item along with the value even though its not in the suggested values list. We are close to our UAT and need a response ASAP. Any response would be greatly appreciated.<br>\r\n<br>\r\nThanks<br>\r\nPraveen\r\n",
    "PostedDate": "2009-04-08T13:18:08.143-07:00",
    "UserRole": null,
    "MarkedAsAnswerDate": null
  }
]