[
  {
    "Id": "1186683",
    "ThreadId": "516570",
    "Html": "Hi Team,\r<br />\n<br />\ni have installed this web extension in my TFS server  and  i have used the multivalue control for one of my work item field. but when i try to use the field in my local  i am getting error on my field\r<br />\n<br />\nCould not find file 'C:\\ProgramData\\Microsoft\\Team Foundation\\Work Item Tracking\\Custom Controls\\11.0\\MultiValueControl.wicc'.\r<br />\n<br />\nwhat do i need to do to resolve this field. \r<br />\n<br />\ni have to install this custom dll in all my client machine to solve this problem ?\r<br />\n<br />\nplease confirm asap.\r<br />\n<br />\nthanks \r<br />\nhem<br />\n",
    "PostedDate": "2014-01-21T01:14:17.727-08:00",
    "UserRole": null,
    "MarkedAsAnswerDate": null
  },
  {
    "Id": "1210382",
    "ThreadId": "516570",
    "Html": "Yes, you need to located it under the path you got the error<br />\n",
    "PostedDate": "2014-02-19T01:32:10.67-08:00",
    "UserRole": null,
    "MarkedAsAnswerDate": null
  },
  {
    "Id": "1210748",
    "ThreadId": "516570",
    "Html": "Running the installer matching the Visual Studio version you are using will lay done the files at the correct location.<br />\n",
    "PostedDate": "2014-02-19T12:45:19.653-08:00",
    "UserRole": null,
    "MarkedAsAnswerDate": "2014-06-18T13:19:49.757-07:00"
  }
]