{
  "WorkItem": {
    "AffectedComponent": {
      "Name": "",
      "DisplayName": ""
    },
    "ClosedComment": "",
    "ClosedDate": null,
    "CommentCount": 0,
    "Custom": null,
    "Description": "Hi, in TFS 2017 I can not display the web check box next to the values ​​in the list. I have installed and configured the .msi file (WitCustomControlSetup2015-1.3.2.6) but by doing the same identical configurations made on version 2015, I can not see the check box that allows multiple value selection but single value. I tried to set \"multivalueControl\" as the single field, but later on the web I see the following error: (You can not create the control of the \"MultiValueControl\" work element). How can I fix it in TFS 2017?",
    "LastUpdatedDate": "2017-07-28T02:40:18.45-07:00",
    "PlannedForRelease": "",
    "ReleaseVisibleToPublic": false,
    "Priority": {
      "Name": "Unassigned",
      "Severity": 0,
      "Id": 0
    },
    "ProjectName": "WitCustomControls",
    "ReportedDate": "2017-07-28T02:40:18.45-07:00",
    "Status": {
      "Name": "Proposed",
      "Id": 1
    },
    "ReasonClosed": {
      "Name": "Unassigned"
    },
    "Summary": "TFS 2017 - Multivalue Controls no checkbox",
    "Type": {
      "Name": "Unassigned",
      "Id": 5
    },
    "VoteCount": 1,
    "Id": 43628
  },
  "FileAttachments": [],
  "Comments": []
}