{
  "WorkItem": {
    "AffectedComponent": {
      "Name": "",
      "DisplayName": ""
    },
    "ClosedComment": "Cannot reproduce.",
    "ClosedDate": "2013-12-03T13:10:07.17-08:00",
    "CommentCount": 0,
    "Custom": null,
    "Description": "We use the MultiValuControl to indicate customers related to a specicif WI.\nWhen the length of the selected customer names reach 256 we get a message indicating \"The set of values selected by the multiple value control in Customer Name exceeds the 255 character limit\" witch is right but the problem is we can't get out of it.  Each time we click on OK the same message reappears.\n \nThe only way out is to kill Visual Studio...",
    "LastUpdatedDate": "2013-12-03T13:10:07.17-08:00",
    "PlannedForRelease": "",
    "ReleaseVisibleToPublic": false,
    "Priority": {
      "Name": "Low",
      "Severity": 50,
      "Id": 1
    },
    "ProjectName": "WitCustomControls",
    "ReportedDate": "2009-05-11T10:51:14.787-07:00",
    "Status": {
      "Name": "Closed",
      "Id": 4
    },
    "ReasonClosed": {
      "Name": "Unassigned"
    },
    "Summary": "Error message loops indefinitelly when more than 255 characters",
    "Type": {
      "Name": "Issue",
      "Id": 3
    },
    "VoteCount": 1,
    "Id": 22341
  },
  "FileAttachments": [],
  "Comments": [
    {
      "Message": "Cannot repro this issue with the 2012 release. ",
      "PostedDate": "2013-11-25T20:15:24.583-08:00",
      "Id": -2147483648
    },
    {
      "Message": "",
      "PostedDate": "2013-12-03T13:10:07.17-08:00",
      "Id": -2147483648
    }
  ]
}