{
  "WorkItem": {
    "AffectedComponent": {
      "Name": "",
      "DisplayName": ""
    },
    "ClosedComment": "",
    "ClosedDate": null,
    "CommentCount": 0,
    "Custom": null,
    "Description": "Hi, I would like to know if will be an update regarding \"MultiValueControl.wicc\" and \"CodePlex.WitCustomControls.dll\" for TFS 2012? I tried to add a multivalue control in TFS 2012 and I got the below error:TF400939: The custom control type 'CodePlex.WitCustomControls.MultiValueCustomControl.MultiValueControl' does not implement the IWorkItemControl interface or is compiled for a different version of Visual Studio. Thanks and Regards.",
    "LastUpdatedDate": "2014-08-01T13:14:27.917-07:00",
    "PlannedForRelease": "1.1.0.0",
    "ReleaseVisibleToPublic": true,
    "Priority": {
      "Name": "Low",
      "Severity": 50,
      "Id": 1
    },
    "ProjectName": "WitCustomControls",
    "ReportedDate": "2012-09-12T07:04:37.047-07:00",
    "Status": {
      "Name": "Resolved",
      "Id": 7
    },
    "ReasonClosed": {
      "Name": "Unassigned"
    },
    "Summary": "Multivalue control TFS 2012",
    "Type": {
      "Name": "Issue",
      "Id": 3
    },
    "VoteCount": 8,
    "Id": 33111
  },
  "FileAttachments": [
    {
      "FileId": 12818,
      "FileName": "error.PNG",
      "DownloadUrl": ".\\12818"
    },
    {
      "FileId": 13928,
      "FileName": "WIT_Error.jpg",
      "DownloadUrl": ".\\13928"
    }
  ],
  "Comments": [
    {
      "Message": "We are looking at updating the Control for 2012, see the following discussion: http://witcustomcontrols.codeplex.com/discussions/376623\r\n\r\n/ Mathias",
      "PostedDate": "2012-10-08T10:36:06.497-07:00",
      "Id": -2147483648
    },
    {
      "Message": "",
      "PostedDate": "2012-10-09T16:42:20.097-07:00",
      "Id": -2147483648
    },
    {
      "Message": "",
      "PostedDate": "2012-12-28T04:16:24.577-08:00",
      "Id": -2147483648
    },
    {
      "Message": "This is fixed in the 1.1.0.0 release.",
      "PostedDate": "2012-12-28T04:17:39.88-08:00",
      "Id": -2147483648
    },
    {
      "Message": "",
      "PostedDate": "2013-02-21T16:24:34.123-08:00",
      "Id": -2147483648
    },
    {
      "Message": "",
      "PostedDate": "2013-05-16T03:55:04.96-07:00",
      "Id": -2147483648
    },
    {
      "Message": "",
      "PostedDate": "2013-05-16T03:55:05.35-07:00",
      "Id": -2147483648
    },
    {
      "Message": "",
      "PostedDate": "2013-06-14T00:25:56.663-07:00",
      "Id": -2147483648
    },
    {
      "Message": "",
      "PostedDate": "2014-08-01T13:14:26.52-07:00",
      "Id": -2147483648
    },
    {
      "Message": "Hello, \r\n\r\nI am trying to create server side event handler for TFS 2013, I have followed the code from http://exsertus.wordpress.com/2013/09/19/tfs-server-side-event-handlers-develop-deploy-and-debug/\nThe code builds successfully on .Net 4.5.1, after successful build I have kept the .wicc file & .dll file under 'C:\\ProgramData\\Microsoft\\Team Foundation\\Work Item Tracking\\Custom Controls\\12.0' location.\n but I recd. error \"__TF400939: The custom control type 'FPLWIT.FPLWITID' does not implement the IWorkItemControl interface or is compiled for a different version of Visual Studio.__\" on my WIT.\r\n\r\nkindly help on this issue.\r\n\r\nThanks,\nSuhas",
      "PostedDate": "2014-08-01T13:14:27.917-07:00",
      "Id": -2147483648
    }
  ]
}