{
  "WorkItem": {
    "AffectedComponent": {
      "Name": "",
      "DisplayName": ""
    },
    "ClosedComment": "",
    "ClosedDate": null,
    "CommentCount": 0,
    "Custom": null,
    "Description": "Hello,\nWe had WitCustomControls2013-1.2.2.0 installed onto our production TFS three years ago. At that time the TFS version was TFS 2013. Recently we upgraded the TFS instance from TFS 2017 RTM to TFS 2017 Update 1. Right after the upgrade we started having issues of WI. The workitem pages are unable to display anything yet. The errors are pointing to CodePlex.WitCustomControls.MultiValueControl.\n\nI saw there were some other discussions in the forum that the latest WitCustomControl version 1.3.2.5 doesn't work well with TFS 2017 U1. Please advise how we should do the multivaluecontrol extension upgraded and make it compatible with TFS 2017 U1.\n\nThank you!",
    "LastUpdatedDate": "2017-04-03T10:38:37.68-07:00",
    "PlannedForRelease": "",
    "ReleaseVisibleToPublic": false,
    "Priority": {
      "Name": "Unassigned",
      "Severity": 0,
      "Id": 0
    },
    "ProjectName": "WitCustomControls",
    "ReportedDate": "2017-04-03T10:38:36.637-07:00",
    "Status": {
      "Name": "Proposed",
      "Id": 1
    },
    "ReasonClosed": {
      "Name": "Unassigned"
    },
    "Summary": "WitCustomControls2013-1.2.2.0 doesn't work with TFS 2017 Update 1",
    "Type": {
      "Name": "Unassigned",
      "Id": 5
    },
    "VoteCount": 1,
    "Id": 43600
  },
  "FileAttachments": [
    {
      "FileId": 16563,
      "FileName": "multivaluecontrol_error.png",
      "DownloadUrl": ".\\16563"
    }
  ],
  "Comments": []
}