{
  "WorkItem": {
    "AffectedComponent": {
      "Name": "",
      "DisplayName": ""
    },
    "ClosedComment": "",
    "ClosedDate": null,
    "CommentCount": 0,
    "Custom": null,
    "Description": "Migrating data in production from single box combinations to multivalued comboboxes. In the single-value passage to multivalued controls, the first and last characters are cut off. How can I fix it?",
    "LastUpdatedDate": "2017-07-27T03:11:29.613-07:00",
    "PlannedForRelease": "",
    "ReleaseVisibleToPublic": false,
    "Priority": {
      "Name": "Unassigned",
      "Severity": 0,
      "Id": 0
    },
    "ProjectName": "WitCustomControls",
    "ReportedDate": "2017-07-27T02:52:29.433-07:00",
    "Status": {
      "Name": "Proposed",
      "Id": 1
    },
    "ReasonClosed": {
      "Name": "Unassigned"
    },
    "Summary": "TFS migrate single control in multivalue control",
    "Type": {
      "Name": "Unassigned",
      "Id": 5
    },
    "VoteCount": 1,
    "Id": 43627
  },
  "FileAttachments": [],
  "Comments": [
    {
      "Message": "Per esattezza sto utilizzando questo tipo di controllo:\nhttps://witcustomcontrols.codeplex.com/wikipage?title=Multivalue%20control&referringTitle=Home",
      "PostedDate": "2017-07-27T03:11:29.613-07:00",
      "Id": -2147483648
    }
  ]
}