{
  "WorkItem": {
    "AffectedComponent": {
      "Name": "",
      "DisplayName": ""
    },
    "ClosedComment": "",
    "ClosedDate": null,
    "CommentCount": 0,
    "Custom": null,
    "Description": "Hello \nI am getting following error in TestCase workitem steps field. any one can tell me how can i solve this control for TFS 2013. \nTF400939: The custom control type 'Microsoft.TeamFoundation.TestManagement.Controls.RichTestStepsCustomControl' does not implement the IWorkItemControl interface or is compiled for a different version of Visual Studio.",
    "LastUpdatedDate": "2014-10-13T03:56:13.06-07:00",
    "PlannedForRelease": "",
    "ReleaseVisibleToPublic": false,
    "Priority": {
      "Name": "Unassigned",
      "Severity": 0,
      "Id": 0
    },
    "ProjectName": "WitCustomControls",
    "ReportedDate": "2014-10-13T03:56:12.12-07:00",
    "Status": {
      "Name": "Proposed",
      "Id": 1
    },
    "ReasonClosed": {
      "Name": "Unassigned"
    },
    "Summary": "WpfControl TestCase steps",
    "Type": {
      "Name": "Unassigned",
      "Id": 5
    },
    "VoteCount": 1,
    "Id": 35613
  },
  "FileAttachments": [
    {
      "FileId": 14021,
      "FileName": "WorkitemControl.png",
      "DownloadUrl": ".\\14021"
    }
  ],
  "Comments": []
}