{
  "WorkItem": {
    "AffectedComponent": {
      "Name": "",
      "DisplayName": ""
    },
    "ClosedComment": "",
    "ClosedDate": null,
    "CommentCount": 0,
    "Custom": null,
    "Description": "Hello\n\nI've installed latest of of WITCustomControl (1.3.2.5) to populate the values that I have for custom control.\n\nError message is - Could not find a part of the path 'C:\\ProgramData\\Microsoft\\Team Foundation\\Work Item Tracking\\Custom Controls\\15.0\\MultiValueControl.wicc'.\n\nI checked that the default installed location is C:\\ProgramData\\Microsoft\\Team Foundation\\Work Item Tracking\\Custom Controls\\14.0\\ \n\nI renamed folder 14.0 to 15.0 and got the following error :\n\nCould not load file or assembly 'Microsoft.TeamFoundation.WorkItemTracking.Controls, Version=14.0.0.0, Culture=neutral, PublicKeyToken=b03f5f7f11d50a3a' or one of its dependencies. The system cannot find the file specified.\n\nIt seems stills reference the things which for TFS 2015.\n\nThanks",
    "LastUpdatedDate": "2017-06-13T10:13:22.407-07:00",
    "PlannedForRelease": "",
    "ReleaseVisibleToPublic": false,
    "Priority": {
      "Name": "Unassigned",
      "Severity": 0,
      "Id": 0
    },
    "ProjectName": "WitCustomControls",
    "ReportedDate": "2017-03-20T04:59:01.057-07:00",
    "Status": {
      "Name": "Proposed",
      "Id": 1
    },
    "ReasonClosed": {
      "Name": "Unassigned"
    },
    "Summary": "WITCustomControl (1.3.2.5) can not support TFS 2017 Update1",
    "Type": {
      "Name": "Unassigned",
      "Id": 5
    },
    "VoteCount": 5,
    "Id": 43593
  },
  "FileAttachments": [],
  "Comments": [
    {
      "Message": "Try disabling witcontrols from http://servername:8080/tfs/admin/Extensions",
      "PostedDate": "2017-03-26T11:59:52.887-07:00",
      "Id": -2147483648
    },
    {
      "Message": "try disabling wit controls from http://servername:8080/tfs/admin/Extensions",
      "PostedDate": "2017-03-26T12:00:28.757-07:00",
      "Id": -2147483648
    },
    {
      "Message": "",
      "PostedDate": "2017-04-03T04:47:24.067-07:00",
      "Id": -2147483648
    },
    {
      "Message": "",
      "PostedDate": "2017-04-05T00:11:36.117-07:00",
      "Id": -2147483648
    },
    {
      "Message": "Hi, \r\n\r\nI have the same issue. Was anyone able to resolve it?\r\n\r\nCheers",
      "PostedDate": "2017-04-10T04:11:05.287-07:00",
      "Id": -2147483648
    },
    {
      "Message": "",
      "PostedDate": "2017-04-10T04:11:20.61-07:00",
      "Id": -2147483648
    },
    {
      "Message": "This version worked for me after modifying using this  https://witcustomcontrols.codeplex.com/workitem/43532?FocusElement=CommentTextBox\r\n\r\nand uploading here https://{yourservernamehere}/_admin/_extensions",
      "PostedDate": "2017-04-18T05:16:46.833-07:00",
      "Id": -2147483648
    },
    {
      "Message": "The latest version works for the Web UI, however not from within VS2017. \nLooking at the source code I don't see the references being updated to work for VS2017, so until that happens you will need to download the code, make the changes and compile it before you use it.",
      "PostedDate": "2017-06-13T10:13:22.407-07:00",
      "Id": -2147483648
    }
  ]
}