{
  "WorkItem": {
    "AffectedComponent": {
      "Name": "",
      "DisplayName": ""
    },
    "ClosedComment": "",
    "ClosedDate": null,
    "CommentCount": 0,
    "Custom": null,
    "Description": "Version: 1.2.1.0\nWhen a field is marked as Required uses a Multi-Value Control extra options can be added to the field. \nThis occurred after refreshing the page on the work item. Usually the URL is something like: http://tfshost:8080/tfs/CollectionName/TeamProject/_workitems#_a=edit&id=17381\nView attachment for example.\n\nGlobal list definition is:\n```\n<GLOBALLIST name=\"Test Multi List\">\n    <LISTITEM value=\"[Test One]\" />\n    <LISTITEM value=\"[Another Value]\" />\n    <LISTITEM value=\"[Value Three]\" />\n</GLOBALLIST>\n```\n\nField definition:\n```\n<FIELD name=\"Test Multi\" refname=\"Test.Multit\" type=\"String\" reportable=\"dimension\">\n    <ALLOWEXISTINGVALUE />\n    <SUGGESTEDVALUES expanditems=\"true\" filteritems=\"excludegroups\">\n        <GLOBALLIST name=\"Test Multi List\" />\n    </SUGGESTEDVALUES>\n    <REQUIRED />\n</FIELD>\n```\n\nUI definition:\n```\n<Control FieldName=\"Test.Multi\" Type=\"MultiValueControl\" Label=\"Test Multi\" LabelPosition=\"Left\">\n    <CustomControlOptions />\n</Control>\n```",
    "LastUpdatedDate": "2014-01-08T12:31:59.727-08:00",
    "PlannedForRelease": "",
    "ReleaseVisibleToPublic": false,
    "Priority": {
      "Name": "Unassigned",
      "Severity": 0,
      "Id": 0
    },
    "ProjectName": "WitCustomControls",
    "ReportedDate": "2014-01-08T12:30:01.33-08:00",
    "Status": {
      "Name": "Proposed",
      "Id": 1
    },
    "ReasonClosed": {
      "Name": "Unassigned"
    },
    "Summary": "When Field is Required, An Extra Option Is Being Added to MultiValueControl",
    "Type": {
      "Name": "Unassigned",
      "Id": 5
    },
    "VoteCount": 1,
    "Id": 34869
  },
  "FileAttachments": [
    {
      "FileId": 13710,
      "FileName": "2014-01-08 12_20_45-Product Backlog Item 17381_ asdf - Microsoft Team Foundation Server.png",
      "DownloadUrl": ".\\13710"
    }
  ],
  "Comments": []
}