{
  "WorkItem": {
    "AffectedComponent": {
      "Name": "",
      "DisplayName": ""
    },
    "ClosedComment": "",
    "ClosedDate": "2013-05-24T06:02:23.827-07:00",
    "CommentCount": 0,
    "Custom": null,
    "Description": "Hi\n\nI am trying to use the MultiValueControl, and it works fine with VS2012, but in the Web extension the checkboxes in the dropdown is missing.\n\nIf I manually write the items I want to select in the edit-field (like this: \"[Item 1];[Item 2]\") and then save the workitem, the values are saved.\nAlso if I search and open a workitem where the value is already set, I can see in the edit-field that the selected items are \"[Item 1];[Item 2]\". \nSo getting the options and values from TFS, and saving to TFS is working.\nOnly the checkboxes in the options in the dropdown on the Web-client is missing.\n\nI am using TFS 2012 update 2 and Visual Studio 2012 update 2.\nI have tested with IE10 and Chrome, and it is the same problem in both browsers.",
    "LastUpdatedDate": "2013-05-24T06:02:23.827-07:00",
    "PlannedForRelease": "",
    "ReleaseVisibleToPublic": false,
    "Priority": {
      "Name": "Unassigned",
      "Severity": 0,
      "Id": 0
    },
    "ProjectName": "WitCustomControls",
    "ReportedDate": "2013-05-23T06:57:06.503-07:00",
    "Status": {
      "Name": "Closed",
      "Id": 4
    },
    "ReasonClosed": {
      "Name": "Fixed"
    },
    "Summary": "MultiValueControl - no checkboxes in WebAccess",
    "Type": {
      "Name": "Unassigned",
      "Id": 5
    },
    "VoteCount": 1,
    "Id": 34081
  },
  "FileAttachments": [],
  "Comments": [
    {
      "Message": "It was the configuration of the control in the WorkItem form. I used a configuration I found in a blogpost that pointed to this project, and it was different from the description here.\r\n\r\nThe correct configuration was as described here ( [MultiValue Control](https://witcustomcontrols.codeplex.com/wikipage?title=Multivalue%20control) )\n```\n<Control Type=\"MultiValueControl\" FieldName=\"Microsoft.VSTS.Common.Triage\" Label=\"Triag&amp;e:\" LabelPosition=\"Left\" />\n```\r\n\r\nNow it works perfectly.",
      "PostedDate": "2013-05-24T02:04:12.933-07:00",
      "Id": -2147483648
    },
    {
      "Message": "Good to hear it worked out and thanks for sharing your findings!",
      "PostedDate": "2013-05-24T06:01:03.2-07:00",
      "Id": -2147483648
    },
    {
      "Message": "",
      "PostedDate": "2013-05-24T06:02:23.827-07:00",
      "Id": -2147483648
    }
  ]
}