{
  "WorkItem": {
    "AffectedComponent": {
      "Name": "",
      "DisplayName": ""
    },
    "ClosedComment": "",
    "ClosedDate": null,
    "CommentCount": 0,
    "Custom": null,
    "Description": "Hi, \nwe are trying to do something like this:\n\n```\n      <FIELD name=\"ProjectMembers\" refname=\"Custom.Sprint.ProjectMembers\" type=\"String\">\n         <SUGGESTEDVALUES expanditems=\"true\" filteritems=\"excludegroups\">\n          <LISTITEM value=\"[project]\\Developers\" />\n          <LISTITEM value=\"[project]\\Testers\" />\n        </SUGGESTEDVALUESVALUES>\n\t<ALLOWEXISTINGVALUE /> \n        <VALIDUSER />   \n      </FIELD>\n```\n\nThis works when importing the WorkItem definition file, but fails when trying to create a workitem of that type in VisualStudio (in a pop-up dialog):\n`ProjectMembers does not have any values to list in the multiple values control. See ...`\n\nChanging it to \n```\n      <FIELD name=\"ProjectMembers\" refname=\"Custom.Sprint.ProjectMembers\" type=\"String\">\n         <SUGGESTEDVALUES expanditems=\"true\" filteritems=\"excludegroups\">\n          <LISTITEM value=\"[[project]\\Developers]]\" />\n          <LISTITEM value=\"[[project]\\Testers]]\" />\n        </SUGGESTEDVALUESVALUES>\n\t<ALLOWEXISTINGVALUE /> \n        <VALIDUSER />   \n      </FIELD>\n```\n\ncauses the import to fail with:\n\n```TF26171: User/group '[[project\\Developers]' is not found.\nTF26204: The account you entered is not recognized.```\n\nHow can we show a list of users from a predefined group in the MultiValueControl?\n\nThanks for your help.\n\n**EDIT**\nusing a GLOBALLIST does not solve the issue, because it is impossible to \na) reference a 'project' group from a globallist\nb) to use the `[ ]` syntax in globallist definition",
    "LastUpdatedDate": "2015-07-13T09:31:24.017-07:00",
    "PlannedForRelease": "",
    "ReleaseVisibleToPublic": false,
    "Priority": {
      "Name": "Unassigned",
      "Severity": 0,
      "Id": 0
    },
    "ProjectName": "WitCustomControls",
    "ReportedDate": "2015-07-13T09:17:48.267-07:00",
    "Status": {
      "Name": "Proposed",
      "Id": 1
    },
    "ReasonClosed": {
      "Name": "Unassigned"
    },
    "Summary": "MultiValueControl with list of valid users is not working",
    "Type": {
      "Name": "Unassigned",
      "Id": 5
    },
    "VoteCount": 1,
    "Id": 43179
  },
  "FileAttachments": [],
  "Comments": []
}