{
  "WorkItem": {
    "AffectedComponent": {
      "Name": "",
      "DisplayName": ""
    },
    "ClosedComment": "",
    "ClosedDate": null,
    "CommentCount": 0,
    "Custom": null,
    "Description": "i am implementing multi value control on  TFS2013. i have downloaded __WitCustomControlSetup2015__ and installed on web and client machine.\n\nand fallowed the procedure from (http://blogs.msdn.com/b/visualstudioalm/archive/2013/02/15/multivaluelist-control-in-tfs-work-item-tracking.aspx).aftre Uploading work item i am able see the drop down list without check box.\n\n\n\nRegards,\nManjuanth",
    "LastUpdatedDate": "2015-12-19T09:03:17.497-08:00",
    "PlannedForRelease": "",
    "ReleaseVisibleToPublic": false,
    "Priority": {
      "Name": "Unassigned",
      "Severity": 0,
      "Id": 0
    },
    "ProjectName": "WitCustomControls",
    "ReportedDate": "2015-10-29T05:20:06.537-07:00",
    "Status": {
      "Name": "Proposed",
      "Id": 1
    },
    "ReasonClosed": {
      "Name": "Unassigned"
    },
    "Summary": "Multivalue control for tfs2013",
    "Type": {
      "Name": "Unassigned",
      "Id": 5
    },
    "VoteCount": 1,
    "Id": 43276
  },
  "FileAttachments": [
    {
      "FileId": 15258,
      "FileName": "multi-value.PNG",
      "DownloadUrl": ".\\15258"
    }
  ],
  "Comments": [
    {
      "Message": "If you use TFS 2013 you must use the 1.2.2.0 release: https://witcustomcontrols.codeplex.com/releases/view/123638. Please try it out and see if it works for you.",
      "PostedDate": "2015-12-19T09:03:17.497-08:00",
      "Id": -2147483648
    }
  ]
}