{
  "WorkItem": {
    "AffectedComponent": {
      "Name": "",
      "DisplayName": ""
    },
    "ClosedComment": "",
    "ClosedDate": null,
    "CommentCount": 0,
    "Custom": null,
    "Description": "I have installed the Visual Studio 2015 plugin and the MultiValueControl works fine.  \n\nWhen I go to our tfs website my control displays the text 'Cannot create work item control of type \"MultiValueControl\"'.  \n\nWhen I inspect it in the browser I get these 2 errors:\n\n1. Failed to load resource: the server responded with a status of 404 (Not Found)\nbasejs:53 Uncaught Error: Script error for: WorkItemTracking/Scripts/Controls/WorkItemForm/WorkItemControl\nhttp://requirejs.org/docs/errors.html#scripterror\n\n2. http://<ourserver>/tfs/_static/tfs/Dev14.M95.4/_scripts/TFS/min/WorkItemTracking/Scripts/Controls/WorkItemForm/WorkItemControl.js \nFailed to load resource: the server responded with a status of 404 (Not Found)\n\nI have installed and enabled CodePlex.WitCustomControls Version 1.3.2.4 through <ourserver>/tfs/_admin/_extensions (the tab is now labeled Legacy Extensions)\n\nOur TFS box is on a server in our local server room.\n\nmy control in the work item xml is:\n\n    <FIELD name=\"triag\" refname=\"mycompany.triag\" type=\"String\"> \n        <SUGGESTEDVALUES expanditems=\"false\">\n            <LISTITEM value=\"[Approved]\" />\n            <LISTITEM value=\"[Investigate]\" />\n            <LISTITEM value=\"[Rejected]\" />\n            <LISTITEM value=\"[Submit]\" />\n        </SUGGESTEDVALUES>\n    </FIELD>\n\n\n     <Control FieldName=\"mycompany.triag\" Type=\"MultiValueControl\" Label=\"Triag\" LabelPosition=\"Left\" />\n\nThanks in advance",
    "LastUpdatedDate": "2017-02-02T13:26:48.237-08:00",
    "PlannedForRelease": "",
    "ReleaseVisibleToPublic": false,
    "Priority": {
      "Name": "Unassigned",
      "Severity": 0,
      "Id": 0
    },
    "ProjectName": "WitCustomControls",
    "ReportedDate": "2016-08-24T12:26:36.443-07:00",
    "Status": {
      "Name": "Proposed",
      "Id": 1
    },
    "ReasonClosed": {
      "Name": "Unassigned"
    },
    "Summary": "TFS 2015 2.1 MultiValueControl on WebAccess won't load",
    "Type": {
      "Name": "Unassigned",
      "Id": 5
    },
    "VoteCount": 1,
    "Id": 43481
  },
  "FileAttachments": [],
  "Comments": [
    {
      "Message": "The web version of build 1.3.2.4 is only supported for TFS \"15\" RC1 or newer. Is that what you are using?",
      "PostedDate": "2016-10-25T09:28:37.473-07:00",
      "Id": -2147483648
    },
    {
      "Message": "We are having this same issue.  We migrated from TFS 2013 this weekend an I uninstalled the old version an installed version 1.3.2.4 this am and we receive this error.\r\n\r\nhttp://<ourserver>/tfs/_static/tfs/Dev14.M102/_scripts/TFS/min/WorkItemTracking/Scripts/Controls/WorkItemForm/WorkItemControl.js 404 (Not Found)\r\n\r\nWe are running TFS version 14.102.25423.0 (Tfs2015.Update3)",
      "PostedDate": "2016-11-07T07:43:12.963-08:00",
      "Id": -2147483648
    },
    {
      "Message": "The version is only support in TFS 2017 RC1 or newer",
      "PostedDate": "2016-11-16T08:57:13.673-08:00",
      "Id": -2147483648
    },
    {
      "Message": "I have used the code as it is and still I'm not able to get it working\nOn the webpage it says Cannot create work item control of type \"MultiValueControl\".\r\n\r\nBrowser log says Uncaught TypeError: Cannot read property 'prototype' of undefined\nwhich points to line domElem = VSS.UI.domElem;\r\n\r\nNot sure what am I missing.\nAll the other workitem custom controls I wrote have the same problem.\n",
      "PostedDate": "2017-02-02T13:26:48.237-08:00",
      "Id": -2147483648
    }
  ]
}