{
  "WorkItem": {
    "AffectedComponent": {
      "Name": "",
      "DisplayName": ""
    },
    "ClosedComment": "",
    "ClosedDate": null,
    "CommentCount": 0,
    "Custom": null,
    "Description": "Hello,\n\nWhile updating values in the \"MultiValue\" custom control I am facing issues. Each time despite of the fact that the WIT file is opened from Server I still see the old values which were either deleted or changed.\n\nI have even tried un-installing and re-install TFS power tools and removed WIT files from local computer's cache within VS directory under Program Files.\n\nAppreciate a early response for resolution.\n\nThanks!\nArshad",
    "LastUpdatedDate": "2015-03-19T11:30:41.67-07:00",
    "PlannedForRelease": "",
    "ReleaseVisibleToPublic": false,
    "Priority": {
      "Name": "Unassigned",
      "Severity": 0,
      "Id": 0
    },
    "ProjectName": "WitCustomControls",
    "ReportedDate": "2015-03-19T11:30:41.67-07:00",
    "Status": {
      "Name": "Proposed",
      "Id": 1
    },
    "ReasonClosed": {
      "Name": "Unassigned"
    },
    "Summary": "Issues while updating values in Multivalue Custom Control",
    "Type": {
      "Name": "Unassigned",
      "Id": 5
    },
    "VoteCount": 1,
    "Id": 35901
  },
  "FileAttachments": [],
  "Comments": []
}