{
  "WorkItem": {
    "AffectedComponent": {
      "Name": "",
      "DisplayName": ""
    },
    "ClosedComment": "",
    "ClosedDate": "2013-12-30T05:14:51.717-08:00",
    "CommentCount": 0,
    "Custom": null,
    "Description": "I downloaded the most recent zip file for TFS 2012 and installed it.  I can now see \"WorkItemCheckBox\" in the Type when adding the new control, but am getting an error:\n\nCould not find file 'C:\\ProgramData\\Microsoft\\Team Foundation\\Work Item Tracking\\Custom Controls\\11.0\\WorkItemCheckBox.wicc'.\n\nThere are other *.wicc files in that folder, but none of them is WorkItemCheckBox.wicc:\n\nAssociatedAutomationControl.wicc\nCaptureAttachmentsControl.wicc\nCodePlex.WitCustomControls.dll\nMultiValueControl.wicc\nPreEmptiveAnalyticsVisualizer.wicc\nReproStepsControl.wicc\nScreenshotControl.wicc\nTestStepsControl.wicc\nWebBrowserControl.wicc",
    "LastUpdatedDate": "2013-12-30T05:14:51.717-08:00",
    "PlannedForRelease": "",
    "ReleaseVisibleToPublic": false,
    "Priority": {
      "Name": "Unassigned",
      "Severity": 0,
      "Id": 0
    },
    "ProjectName": "WitCustomControls",
    "ReportedDate": "2013-11-05T09:05:35.947-08:00",
    "Status": {
      "Name": "Closed",
      "Id": 4
    },
    "ReasonClosed": {
      "Name": "Unassigned"
    },
    "Summary": "WorkItemCheckBox.wicc missing in download.",
    "Type": {
      "Name": "Unassigned",
      "Id": 5
    },
    "VoteCount": 1,
    "Id": 34623
  },
  "FileAttachments": [],
  "Comments": [
    {
      "Message": "These is no checkbox control in this package. Where did you see the WorkItemCheckBox referenced? I'm assuming this came from another source.\r\n\r\nMathias ",
      "PostedDate": "2013-12-28T01:19:15.91-08:00",
      "Id": -2147483648
    },
    {
      "Message": "",
      "PostedDate": "2013-12-30T05:14:51.717-08:00",
      "Id": -2147483648
    }
  ]
}