{
  "WorkItem": {
    "AffectedComponent": {
      "Name": "",
      "DisplayName": ""
    },
    "ClosedComment": "",
    "ClosedDate": null,
    "CommentCount": 0,
    "Custom": null,
    "Description": "New PC, windows 7, installed VS2012 and witcustomcontrols and had no issues at first.  A couple of days in, middle of the day, no updates that I can see even automatic updates, if I click the notes tab on any work item or change request, Visual Studio crashes with message that Visual Studio 2012 has stopped working and it restarts.  I don't see anything in Devenv /log related to the crash, only see this in Windows application logs. This is just the top of the stack but you see WitCustomControls.  Any ideas on how to troubleshoot this?  I've uninstalled and reinstalled witcustomcontrols, didn't crash after uninstalling but of course got different error when clicking notes tab.  Once reinstalled, same crash...\n\nApplication: devenv.exe Framework Version: v4.0.30319 Description: The process was terminated due to an unhandled exception. Exception Info: System.ArgumentOutOfRangeException Stack: at System.Windows.Forms.ListView+SelectedIndexCollection.get_Item(Int32) at WitCustomControls.Notes.NotesControl.txtNoteDetailsAndtxtSubject_Enter(System.Object, System.EventArgs)",
    "LastUpdatedDate": "2014-11-18T08:00:55.847-08:00",
    "PlannedForRelease": "",
    "ReleaseVisibleToPublic": false,
    "Priority": {
      "Name": "Unassigned",
      "Severity": 0,
      "Id": 0
    },
    "ProjectName": "WitCustomControls",
    "ReportedDate": "2014-08-14T06:45:04.02-07:00",
    "Status": {
      "Name": "Proposed",
      "Id": 1
    },
    "ReasonClosed": {
      "Name": "Unassigned"
    },
    "Summary": "Visual Studio 2012 crashes when I click notes tab",
    "Type": {
      "Name": "Unassigned",
      "Id": 5
    },
    "VoteCount": 1,
    "Id": 35462
  },
  "FileAttachments": [],
  "Comments": [
    {
      "Message": "Ok, so after battling this for a week and finally posting for help, i threw a dart and enabled TFS Administrators Toolkit for VS2012 and for some reason it works now.  I also resorted to installed VS2010 so that's in the middle of an install so perhaps something there helped as well but for now I appear out of the woods. ",
      "PostedDate": "2014-08-14T07:10:14.857-07:00",
      "Id": -2147483648
    },
    {
      "Message": "Update to prior update, that was just random timing.  I still have the issue as to others. We click Notes tab and Visual Studio 2012 crashes and restarts.  It occasionally will work which is all that happened after my above dart tosses.  Anyone else have this issue?",
      "PostedDate": "2014-11-18T08:00:55.847-08:00",
      "Id": -2147483648
    }
  ]
}