{
  "WorkItem": {
    "AffectedComponent": {
      "Name": "",
      "DisplayName": ""
    },
    "ClosedComment": "",
    "ClosedDate": null,
    "CommentCount": 0,
    "Custom": null,
    "Description": "Hello,\n\nwe spotted one bug while opening a workitem through the modal window on TFS 2016 web interface, in this case the multivalue control cannot be clicked and expanded to select the values. This happens only while the work item form is opened through a modal window.\n\nThanks in advance,\n\nAdriano",
    "LastUpdatedDate": "2017-03-10T04:59:27.23-08:00",
    "PlannedForRelease": "",
    "ReleaseVisibleToPublic": false,
    "Priority": {
      "Name": "Unassigned",
      "Severity": 0,
      "Id": 0
    },
    "ProjectName": "WitCustomControls",
    "ReportedDate": "2017-03-10T04:59:27.23-08:00",
    "Status": {
      "Name": "Proposed",
      "Id": 1
    },
    "ReasonClosed": {
      "Name": "Unassigned"
    },
    "Summary": "TFS 2016 Modal Window MultiValue Control not working",
    "Type": {
      "Name": "Unassigned",
      "Id": 5
    },
    "VoteCount": 1,
    "Id": 43589
  },
  "FileAttachments": [],
  "Comments": []
}