{
  "WorkItem": {
    "AffectedComponent": {
      "Name": "",
      "DisplayName": ""
    },
    "ClosedComment": "",
    "ClosedDate": null,
    "CommentCount": 0,
    "Custom": null,
    "Description": "Hello,\n\nWe have just upgraded from TFS 2012 to TFS 2013 and we are seeing the following error from TWA:\n\n<TypeError: Unable to get property 'clear' of undefined or null reference>\n\nWe have installed the TFS 2013 extension (version 1.2.1.0), and it does not fix the error. Nothing changed on our end except for the upgrade to TFS 2013.",
    "LastUpdatedDate": "2017-11-27T18:13:37.833-08:00",
    "PlannedForRelease": "1.2.2.0",
    "ReleaseVisibleToPublic": true,
    "Priority": {
      "Name": "Unassigned",
      "Severity": 0,
      "Id": 0
    },
    "ProjectName": "WitCustomControls",
    "ReportedDate": "2014-06-16T17:59:07.83-07:00",
    "Status": {
      "Name": "Resolved",
      "Id": 7
    },
    "ReasonClosed": {
      "Name": "Unassigned"
    },
    "Summary": "Multi Value Control, Error, Unable to get property 'clear' of undefined or null reference",
    "Type": {
      "Name": "Issue",
      "Id": 3
    },
    "VoteCount": 1,
    "Id": 35301
  },
  "FileAttachments": [],
  "Comments": [
    {
      "Message": "Hi I just submitted a patch with a new zip that will fix this issue.\r\n\r\nSo far, the fix has only been tested on TFS2013.2.\r\n\r\nSince it did not go throught all the checks yet, please be shure to keep a copy of your prior version if you decide to go with the update.\n",
      "PostedDate": "2014-06-18T10:28:23.113-07:00",
      "Id": -2147483648
    },
    {
      "Message": "Resolved with changeset 106204: Fix for issue #35301",
      "PostedDate": "2014-06-18T13:52:04.277-07:00",
      "Id": -2147483648
    },
    {
      "Message": "",
      "PostedDate": "2014-06-18T13:52:51.22-07:00",
      "Id": -2147483648
    },
    {
      "Message": "",
      "PostedDate": "2014-06-18T13:53:14.523-07:00",
      "Id": -2147483648
    },
    {
      "Message": "",
      "PostedDate": "2017-11-27T18:13:37.833-08:00",
      "Id": -2147483648
    }
  ]
}