{
  "WorkItem": {
    "AffectedComponent": {
      "Name": "",
      "DisplayName": ""
    },
    "ClosedComment": "",
    "ClosedDate": null,
    "CommentCount": 0,
    "Custom": null,
    "Description": "I tried to  upload latest version (1.2.2.0)  to TFS 2013 Update 3 web access and getting invalid manifest error, Any Idea?",
    "LastUpdatedDate": "2014-10-17T09:32:02.54-07:00",
    "PlannedForRelease": "",
    "ReleaseVisibleToPublic": false,
    "Priority": {
      "Name": "Unassigned",
      "Severity": 0,
      "Id": 0
    },
    "ProjectName": "WitCustomControls",
    "ReportedDate": "2014-10-06T13:11:42.86-07:00",
    "Status": {
      "Name": "Proposed",
      "Id": 1
    },
    "ReasonClosed": {
      "Name": "Unassigned"
    },
    "Summary": "Invalid Manifest while deploying to TFS 2013 with Update 3",
    "Type": {
      "Name": "Unassigned",
      "Id": 5
    },
    "VoteCount": 1,
    "Id": 35598
  },
  "FileAttachments": [],
  "Comments": [
    {
      "Message": "It should work fine. Have you downloaded the WitCustomControls2013-1.2.2.0.zip and extracted the .zip file? The download contains the two installers; CodePlex.WitCustomControls.MultiValueControl.zip for the web extension and WitCustomControlSetup2013.msi for the windows Controls.\r\n\r\nMathias",
      "PostedDate": "2014-10-07T12:28:10.853-07:00",
      "Id": -2147483648
    },
    {
      "Message": "Thanks Mathias, after renaming the zip with version number worked fine!",
      "PostedDate": "2014-10-17T09:32:02.54-07:00",
      "Id": -2147483648
    }
  ]
}