{
  "WorkItem": {
    "AffectedComponent": {
      "Name": "",
      "DisplayName": ""
    },
    "ClosedComment": "",
    "ClosedDate": null,
    "CommentCount": 0,
    "Custom": null,
    "Description": "Hi, I have TFS 2013 and I can upgrade client Studios from 2013 to 2017.\nWeb UI variants of WitCustomControls (at TFS server) stays still in version for TFS 2013.\nVS client variants must be upgraded to be compatible with VS 2017.\n\nOne problem is error message: \"Could not load file or assembly 'Microsoft.TeamFoundation.WorkItemTracking.Controls, Version=14.0.0.0, ...\" when I install latest version of controls and rename folder to \"15.0\".\nI'm trying to change referenced assemblies to 15.0.0.0 version but cannot found them. Have anyone some tip?\n\nSecond problem is underlying format and other compatibility aspects when Web UI using version for TFS2013 and client Studios using latest version.",
    "LastUpdatedDate": "2017-09-06T08:10:29.63-07:00",
    "PlannedForRelease": "",
    "ReleaseVisibleToPublic": false,
    "Priority": {
      "Name": "Unassigned",
      "Severity": 0,
      "Id": 0
    },
    "ProjectName": "WitCustomControls",
    "ReportedDate": "2017-09-06T08:10:29.63-07:00",
    "Status": {
      "Name": "Proposed",
      "Id": 1
    },
    "ReasonClosed": {
      "Name": "Unassigned"
    },
    "Summary": "Controls in VS2017",
    "Type": {
      "Name": "Unassigned",
      "Id": 5
    },
    "VoteCount": 1,
    "Id": 43631
  },
  "FileAttachments": [],
  "Comments": []
}