{
  "WorkItem": {
    "AffectedComponent": {
      "Name": "",
      "DisplayName": ""
    },
    "ClosedComment": "",
    "ClosedDate": "2013-10-27T01:22:54.49-07:00",
    "CommentCount": 0,
    "Custom": null,
    "Description": "Guys. \n\nThe current control does not work on TFS 2013 RC. Do you have a version that does?\n\n-MrHinsh",
    "LastUpdatedDate": "2013-10-27T01:22:54.49-07:00",
    "PlannedForRelease": "",
    "ReleaseVisibleToPublic": false,
    "Priority": {
      "Name": "Unassigned",
      "Severity": 0,
      "Id": 0
    },
    "ProjectName": "WitCustomControls",
    "ReportedDate": "2013-09-18T10:37:13.34-07:00",
    "Status": {
      "Name": "Closed",
      "Id": 4
    },
    "ReasonClosed": {
      "Name": "Fixed"
    },
    "Summary": "Multivalue control TFS 2013",
    "Type": {
      "Name": "Unassigned",
      "Id": 5
    },
    "VoteCount": 2,
    "Id": 34482
  },
  "FileAttachments": [],
  "Comments": [
    {
      "Message": "any fix in the works for this?",
      "PostedDate": "2013-10-02T10:33:30.3-07:00",
      "Id": -2147483648
    },
    {
      "Message": "",
      "PostedDate": "2013-10-02T10:33:43.873-07:00",
      "Id": -2147483648
    },
    {
      "Message": "We're looking at releasing a version for 2013 RC this week.",
      "PostedDate": "2013-10-02T13:32:51.207-07:00",
      "Id": -2147483648
    },
    {
      "Message": "Looking forward to using this control in the TFS 2013 platform.\nHave migrated from 2012 and the control has bombed.\nPlease advise on release date.\r\n\r\nThank you guys!!",
      "PostedDate": "2013-10-10T07:47:21.433-07:00",
      "Id": -2147483648
    },
    {
      "Message": "It looks like we will be able to publish a preview this weekend.",
      "PostedDate": "2013-10-10T13:02:34.043-07:00",
      "Id": -2147483648
    },
    {
      "Message": "With good help from Stéphane the 1.2.0.0 release is now available and includes support for TFS and Visual Studio 2013.",
      "PostedDate": "2013-10-27T01:22:37.62-07:00",
      "Id": -2147483648
    },
    {
      "Message": "",
      "PostedDate": "2013-10-27T01:22:54.49-07:00",
      "Id": -2147483648
    }
  ]
}