[
  {
    "Id": 17733,
    "Title": "Manually typed values do not get saved if they're not checkboxed"
  },
  {
    "Id": 17883,
    "Title": "Multiselect drop down control not collapsing on out of focus"
  },
  {
    "Id": 22341,
    "Title": "Error message loops indefinitelly when more than 255 characters"
  },
  {
    "Id": 29936,
    "Title": "Multi-Value Control doesn't work with a WIT Template"
  },
  {
    "Id": 30347,
    "Title": "Broken in Vs2010 SP1"
  },
  {
    "Id": 33111,
    "Title": "Multivalue control TFS 2012"
  },
  {
    "Id": 34081,
    "Title": "MultiValueControl - no checkboxes in WebAccess"
  },
  {
    "Id": 34482,
    "Title": "Multivalue control TFS 2013"
  },
  {
    "Id": 34483,
    "Title": "\"WHEN\" rules are not evaluated in team web access for MultiValueControl"
  },
  {
    "Id": 34623,
    "Title": "WorkItemCheckBox.wicc missing in download."
  },
  {
    "Id": 34869,
    "Title": "When Field is Required, An Extra Option Is Being Added to MultiValueControl"
  },
  {
    "Id": 35130,
    "Title": "Multi value control resizing issue in TFS2013.2"
  },
  {
    "Id": 35301,
    "Title": "Multi Value Control, Error, Unable to get property 'clear' of undefined or null reference"
  },
  {
    "Id": 35385,
    "Title": "MultiValueControl field rules and Web client"
  },
  {
    "Id": 35462,
    "Title": "Visual Studio 2012 crashes when I click notes tab"
  },
  {
    "Id": 35598,
    "Title": "Invalid Manifest while deploying to TFS 2013 with Update 3"
  },
  {
    "Id": 35613,
    "Title": "WpfControl TestCase steps"
  },
  {
    "Id": 35614,
    "Title": "TestCase Associated Automation"
  },
  {
    "Id": 35677,
    "Title": "TFS SharePoint support for Multivalue control"
  },
  {
    "Id": 35901,
    "Title": "Issues while updating values in Multivalue Custom Control"
  },
  {
    "Id": 42786,
    "Title": "MultiValue Control Does Not Update Conditional List Items"
  },
  {
    "Id": 43179,
    "Title": "MultiValueControl with list of valid users is not working"
  },
  {
    "Id": 43261,
    "Title": "Multivalue cuts off first and last character in TFS 2015"
  },
  {
    "Id": 43276,
    "Title": "Multivalue control for tfs2013"
  },
  {
    "Id": 43466,
    "Title": "TFS 2015 update3 Multivalue issue"
  },
  {
    "Id": 43481,
    "Title": "TFS 2015 2.1 MultiValueControl on WebAccess won't load"
  },
  {
    "Id": 43532,
    "Title": "TFS 2017 / Multiselect1.3.2.4 doesnt work"
  },
  {
    "Id": 43589,
    "Title": "TFS 2016 Modal Window MultiValue Control not working"
  },
  {
    "Id": 43593,
    "Title": "WITCustomControl (1.3.2.5) can not support TFS 2017 Update1"
  },
  {
    "Id": 43600,
    "Title": "WitCustomControls2013-1.2.2.0 doesn't work with TFS 2017 Update 1"
  },
  {
    "Id": 43627,
    "Title": "TFS migrate single control in multivalue control"
  },
  {
    "Id": 43628,
    "Title": "TFS 2017 - Multivalue Controls no checkbox"
  },
  {
    "Id": 43631,
    "Title": "Controls in VS2017"
  }
]