{
  "WorkItem": {
    "AffectedComponent": {
      "Name": "",
      "DisplayName": ""
    },
    "ClosedComment": "Old issue, closing it for now and if someone reports it again we&#39;ll take another look.",
    "ClosedDate": "2012-12-28T04:18:34.307-08:00",
    "CommentCount": 0,
    "Custom": null,
    "Description": "I have a field with a multi-value control and have tried to create a work item template with specific values set.  Looks like it saves properly, but when I create a new work item from the template the values are blank.",
    "LastUpdatedDate": "2013-05-16T03:55:05.983-07:00",
    "PlannedForRelease": "",
    "ReleaseVisibleToPublic": false,
    "Priority": {
      "Name": "Low",
      "Severity": 50,
      "Id": 1
    },
    "ProjectName": "WitCustomControls",
    "ReportedDate": "2011-01-07T09:00:21.417-08:00",
    "Status": {
      "Name": "Closed",
      "Id": 4
    },
    "ReasonClosed": {
      "Name": "Unassigned"
    },
    "Summary": "Multi-Value Control doesn't work with a WIT Template",
    "Type": {
      "Name": "Issue",
      "Id": 3
    },
    "VoteCount": 1,
    "Id": 29936
  },
  "FileAttachments": [],
  "Comments": []
}