{
  "WorkItem": {
    "AffectedComponent": {
      "Name": "",
      "DisplayName": ""
    },
    "ClosedComment": "",
    "ClosedDate": null,
    "CommentCount": 0,
    "Custom": null,
    "Description": "Hello \nI am getting following error in TestCase workitem Associated Automation field. any one can tell me how can i solve this control for TFS 2013. \nTF400939: The custom control type 'Microsoft.TeamFoundation.TestManagement.Controls.AssociatedAutomationControl' does not implement the IWorkItemControl interface or is compiled for a different version of Visual Studio.",
    "LastUpdatedDate": "2014-10-13T04:17:03.71-07:00",
    "PlannedForRelease": "",
    "ReleaseVisibleToPublic": false,
    "Priority": {
      "Name": "Unassigned",
      "Severity": 0,
      "Id": 0
    },
    "ProjectName": "WitCustomControls",
    "ReportedDate": "2014-10-13T04:17:03.71-07:00",
    "Status": {
      "Name": "Proposed",
      "Id": 1
    },
    "ReasonClosed": {
      "Name": "Unassigned"
    },
    "Summary": "TestCase Associated Automation",
    "Type": {
      "Name": "Unassigned",
      "Id": 5
    },
    "VoteCount": 1,
    "Id": 35614
  },
  "FileAttachments": [],
  "Comments": []
}