{
  "WorkItem": {
    "AffectedComponent": {
      "Name": "",
      "DisplayName": ""
    },
    "ClosedComment": "",
    "ClosedDate": null,
    "CommentCount": 0,
    "Custom": null,
    "Description": "For TFS Web Access, there is an Web Access Extension to support Multivalue control. Is there any plans to support Multivalue control for SharePoint that's been integrated with TFS? Users are able to create Work Items in TFS SharePoint. Thx.",
    "LastUpdatedDate": "2015-01-20T04:09:46.21-08:00",
    "PlannedForRelease": "",
    "ReleaseVisibleToPublic": false,
    "Priority": {
      "Name": "Unassigned",
      "Severity": 0,
      "Id": 0
    },
    "ProjectName": "WitCustomControls",
    "ReportedDate": "2014-11-12T11:23:35.3-08:00",
    "Status": {
      "Name": "Proposed",
      "Id": 1
    },
    "ReasonClosed": {
      "Name": "Unassigned"
    },
    "Summary": "TFS SharePoint support for Multivalue control",
    "Type": {
      "Name": "Unassigned",
      "Id": 5
    },
    "VoteCount": 2,
    "Id": 35677
  },
  "FileAttachments": [],
  "Comments": []
}