{
  "WorkItem": {
    "AffectedComponent": {
      "Name": "",
      "DisplayName": ""
    },
    "ClosedComment": "",
    "ClosedDate": null,
    "CommentCount": 0,
    "Custom": null,
    "Description": "When viewing selected items in the field OR when the field is dropped all items are missing the first and last character.  This is in TFS 2015.  We just upgraded from TFS 2013 where we did not see this behaviour.  Does anyone have any insight?\n\neg: Default item in list should be \"Internal\" not \"nterna\".  \"rofessional Service\" should be \"Professional Services\".\n\nI tried this in IE10, 11 and Chrome 45.",
    "LastUpdatedDate": "2015-10-13T13:22:28.627-07:00",
    "PlannedForRelease": "",
    "ReleaseVisibleToPublic": false,
    "Priority": {
      "Name": "Unassigned",
      "Severity": 0,
      "Id": 0
    },
    "ProjectName": "WitCustomControls",
    "ReportedDate": "2015-10-13T13:21:14.737-07:00",
    "Status": {
      "Name": "Proposed",
      "Id": 1
    },
    "ReasonClosed": {
      "Name": "Unassigned"
    },
    "Summary": "Multivalue cuts off first and last character in TFS 2015",
    "Type": {
      "Name": "Unassigned",
      "Id": 5
    },
    "VoteCount": 1,
    "Id": 43261
  },
  "FileAttachments": [
    {
      "FileId": 15242,
      "FileName": "MultiValue.png",
      "DownloadUrl": ".\\15242"
    }
  ],
  "Comments": []
}