{
  "WorkItem": {
    "AffectedComponent": {
      "Name": "",
      "DisplayName": ""
    },
    "ClosedComment": "",
    "ClosedDate": null,
    "CommentCount": 0,
    "Custom": null,
    "Description": "Hi\n\nI upgraded ourr test to TFS 2017 and installed version 1.3.2.4 of multi select. My problem is that the control does not drop down and show the list values. Please advise",
    "LastUpdatedDate": "2017-04-18T05:15:02.58-07:00",
    "PlannedForRelease": "",
    "ReleaseVisibleToPublic": false,
    "Priority": {
      "Name": "Unassigned",
      "Severity": 0,
      "Id": 0
    },
    "ProjectName": "WitCustomControls",
    "ReportedDate": "2016-11-22T13:51:53.27-08:00",
    "Status": {
      "Name": "Proposed",
      "Id": 1
    },
    "ReasonClosed": {
      "Name": "Unassigned"
    },
    "Summary": "TFS 2017 / Multiselect1.3.2.4 doesnt work",
    "Type": {
      "Name": "Unassigned",
      "Id": 5
    },
    "VoteCount": 3,
    "Id": 43532
  },
  "FileAttachments": [
    {
      "FileId": 16466,
      "FileName": "mult.JPG",
      "DownloadUrl": ".\\16466"
    },
    {
      "FileId": 16483,
      "FileName": "2016-12-14_133957.png",
      "DownloadUrl": ".\\16483"
    }
  ],
  "Comments": [
    {
      "Message": "Same situation here, it works in a opened edit page, but the drop down list is behind in a populate edit form.",
      "PostedDate": "2016-12-13T21:41:41.287-08:00",
      "Id": -2147483648
    },
    {
      "Message": "",
      "PostedDate": "2016-12-13T21:42:14.47-08:00",
      "Id": -2147483648
    },
    {
      "Message": "I've fix this one by myself, un-zip the package, and modify in file jquery.multiselect.css, change z-index:10000; to z-index:10004; in line 14.\r\n\r\nSave the file and zip again, upload to TFS 2017. ",
      "PostedDate": "2016-12-13T22:34:19-08:00",
      "Id": -2147483648
    },
    {
      "Message": "I had the same issue and uploaded a patch (18649 ) to the project: https://witcustomcontrols.codeplex.com/SourceControl/list/patches",
      "PostedDate": "2017-01-24T07:18:48.597-08:00",
      "Id": -2147483648
    },
    {
      "Message": "",
      "PostedDate": "2017-02-02T17:50:21.313-08:00",
      "Id": -2147483648
    },
    {
      "Message": "Hi, how do you upload the zip file on TFS 2017? \nThe only documentation I have found to upload extensions in this https://blogs.msdn.microsoft.com/visualstudioalm/2016/03/31/team-foundation-server-extensions-2/ which assumes the extension is packaged in a .vsix file.",
      "PostedDate": "2017-03-14T02:47:48.977-07:00",
      "Id": -2147483648
    },
    {
      "Message": "I have the same issue as alexvaccaro: I can't find a way to upload a zip to TFS 2017 Update 1. \r\n\r\nI have confirmed membership in Team Foundation Administrators group with Edit instance-level information permissions for the Team Foundation Server.\r\n\r\nHowever, no \"Upload new extension\" button appears on the Manage Extensions Page, as depicted in [https://www.visualstudio.com/en-us/docs/marketplace/get-tfs-extensions#install-extensions-for-disconnected-tfs]\r\n\r\nHas this capability been removed from TFS 2017 Update 1 for on-prem?\nIf so, how do I install a non-visx extension package? ",
      "PostedDate": "2017-03-14T16:25:47.977-07:00",
      "Id": -2147483648
    },
    {
      "Message": "This corrected my issue with 2017 Update 1 on-prem..  Thanks for the fix.\r\n\r\nlegacy extensions are on https://{yourtfsservername}/_admin/_extensions",
      "PostedDate": "2017-04-18T05:15:02.58-07:00",
      "Id": -2147483648
    }
  ]
}