{
  "WorkItem": {
    "AffectedComponent": {
      "Name": "",
      "DisplayName": ""
    },
    "ClosedComment": "",
    "ClosedDate": "2010-03-25T10:57:35.743-07:00",
    "CommentCount": 0,
    "Custom": null,
    "Description": "Current behavior:\nSome of our users are typing the values directly in the textbox, instead of selecting the values from the list of checkboxed values. When the work item is saved, those typed values are lost if they’re not also selected with the checkboxes.\n \nDesired behavior:\nI type [value1] in the text box.\nUpon saving, the custom control checks if [value1] is a valid SUGGESTEDVALUE. \nIf it is a valid value, then it saves it even if it’s not checkboxed.",
    "LastUpdatedDate": "2013-05-16T03:55:06.243-07:00",
    "PlannedForRelease": "",
    "ReleaseVisibleToPublic": false,
    "Priority": {
      "Name": "Low",
      "Severity": 50,
      "Id": 1
    },
    "ProjectName": "WitCustomControls",
    "ReportedDate": "2008-08-07T11:29:22.14-07:00",
    "Status": {
      "Name": "Closed",
      "Id": 4
    },
    "ReasonClosed": {
      "Name": "Unassigned"
    },
    "Summary": "Manually typed values do not get saved if they're not checkboxed",
    "Type": {
      "Name": "Issue",
      "Id": 3
    },
    "VoteCount": 1,
    "Id": 17733
  },
  "FileAttachments": [],
  "Comments": [
    {
      "Message": "Another desired behavior:\r\n\r\nUser erase string in test box\r\nUpon saving, the custom control should uncheck all selection, then save blank value",
      "PostedDate": "2008-08-28T13:59:16.387-07:00",
      "Id": -2147483648
    },
    {
      "Message": "Resolved with changeset 64983.",
      "PostedDate": "2010-03-25T10:57:35.743-07:00",
      "Id": -2147483648
    },
    {
      "Message": "",
      "PostedDate": "2013-02-21T16:24:35.443-08:00",
      "Id": -2147483648
    },
    {
      "Message": "",
      "PostedDate": "2013-05-16T03:55:06.243-07:00",
      "Id": -2147483648
    }
  ]
}