{
  "WorkItem": {
    "AffectedComponent": {
      "Name": "",
      "DisplayName": ""
    },
    "ClosedComment": "",
    "ClosedDate": null,
    "CommentCount": 0,
    "Custom": null,
    "Description": "Hi. I've created 2 fields:\nTest1 with allowed values \"A\" and \"B\".\nTest2 with suggested values:\n* when Test1 = \"A\" then suggested values \"[A1]\" and \"[A2]\"\n* when Test1 = \"B\" then suggested values \"[B1]\" and \"[B2]\"\n\nIf I create control for Test2 of the FieldControl type then everything works well.\n\nIf i create control for Test2 of MultiValueControl type then in Visual Studio everything works well also. \n\nBut in the team web access \"WHEN\" rules evaluated only once when work item is opened. If i change the Test1 in the form then contents of Test2 are not changed in the team web access.\n\nXMLs:\n``` XML\n<FieldDefinition name=\"Test1\" refname=\"ztest.test1\" type=\"String\">\n  <ALLOWEDVALUES expanditems=\"true\">\n    <LISTITEM value=\"A\" />\n    <LISTITEM value=\"B\" />\n  </ALLOWEDVALUES>\n</FieldDefinition>\n\n<FieldDefinition name=\"Test2\" refname=\"ztest.Test2\" type=\"String\">\n  <WHEN field=\"ztest.test1\" value=\"A\">\n    <SUGGESTEDVALUES expanditems=\"true\">\n      <LISTITEM value=\"[A1]\" />\n      <LISTITEM value=\"[A2]\" />\n    </SUGGESTEDVALUES>\n  </WHEN>\n  <WHEN field=\"ztest.test1\" value=\"B\">\n    <SUGGESTEDVALUES expanditems=\"true\">\n      <LISTITEM value=\"[B1]\" />\n      <LISTITEM value=\"[B2]\" />\n    </SUGGESTEDVALUES>\n  </WHEN>\n</FieldDefinition>\n```",
    "LastUpdatedDate": "2013-09-19T00:29:20.71-07:00",
    "PlannedForRelease": "",
    "ReleaseVisibleToPublic": false,
    "Priority": {
      "Name": "Unassigned",
      "Severity": 0,
      "Id": 0
    },
    "ProjectName": "WitCustomControls",
    "ReportedDate": "2013-09-18T23:48:55.827-07:00",
    "Status": {
      "Name": "Proposed",
      "Id": 1
    },
    "ReasonClosed": {
      "Name": "Unassigned"
    },
    "Summary": "\"WHEN\" rules are not evaluated in team web access for MultiValueControl",
    "Type": {
      "Name": "Unassigned",
      "Id": 5
    },
    "VoteCount": 1,
    "Id": 34483
  },
  "FileAttachments": [],
  "Comments": []
}