{
  "WorkItem": {
    "AffectedComponent": {
      "Name": "",
      "DisplayName": ""
    },
    "ClosedComment": "",
    "ClosedDate": "2010-03-25T10:57:36.927-07:00",
    "CommentCount": 0,
    "Custom": null,
    "Description": "The multiple select control once expanded does not collapse on out of focus event. Instead, user should explicitly click the control again to collapse it. In the attached screenshot, the control still remains, even after going to the next page.",
    "LastUpdatedDate": "2013-05-16T03:55:06.11-07:00",
    "PlannedForRelease": "",
    "ReleaseVisibleToPublic": false,
    "Priority": {
      "Name": "Low",
      "Severity": 50,
      "Id": 1
    },
    "ProjectName": "WitCustomControls",
    "ReportedDate": "2008-08-15T17:41:59.223-07:00",
    "Status": {
      "Name": "Closed",
      "Id": 4
    },
    "ReasonClosed": {
      "Name": "Unassigned"
    },
    "Summary": "Multiselect drop down control not collapsing on out of focus",
    "Type": {
      "Name": "Issue",
      "Id": 3
    },
    "VoteCount": 1,
    "Id": 17883
  },
  "FileAttachments": [
    {
      "FileId": 6792,
      "FileName": "MultiSelectPaint.jpg",
      "DownloadUrl": ".\\6792"
    }
  ],
  "Comments": [
    {
      "Message": "Resolved with changeset 64983.",
      "PostedDate": "2010-03-25T10:57:36.927-07:00",
      "Id": -2147483648
    },
    {
      "Message": "",
      "PostedDate": "2013-02-21T16:24:35.263-08:00",
      "Id": -2147483648
    },
    {
      "Message": "",
      "PostedDate": "2013-05-16T03:55:06.11-07:00",
      "Id": -2147483648
    }
  ]
}