{
  "WorkItem": {
    "AffectedComponent": {
      "Name": "",
      "DisplayName": ""
    },
    "ClosedComment": "Old issue, closing for now.",
    "ClosedDate": "2012-12-28T04:18:59.78-08:00",
    "CommentCount": 0,
    "Custom": null,
    "Description": "After updating visual studio 2010 to SP1 I get \"TF210004: The control could not be loaded from the assembly.\" where the control should be displayed.",
    "LastUpdatedDate": "2013-05-16T03:55:05.49-07:00",
    "PlannedForRelease": "",
    "ReleaseVisibleToPublic": false,
    "Priority": {
      "Name": "Low",
      "Severity": 50,
      "Id": 1
    },
    "ProjectName": "WitCustomControls",
    "ReportedDate": "2011-03-15T10:11:47.653-07:00",
    "Status": {
      "Name": "Closed",
      "Id": 4
    },
    "ReasonClosed": {
      "Name": "Unassigned"
    },
    "Summary": "Broken in Vs2010 SP1",
    "Type": {
      "Name": "Issue",
      "Id": 3
    },
    "VoteCount": 2,
    "Id": 30347
  },
  "FileAttachments": [
    {
      "FileId": 12413,
      "FileName": "customcontrols.PNG",
      "DownloadUrl": ".\\12413"
    }
  ],
  "Comments": [
    {
      "Message": "Seems like the conflict is with the TFS 2010 powertools March 2011",
      "PostedDate": "2011-04-19T11:33:14.937-07:00",
      "Id": -2147483648
    },
    {
      "Message": "I am running into this same issue. Does anyone have any more information? Is there a solution yet?\r\nThanks,\r\nTroy",
      "PostedDate": "2011-06-09T09:30:15.46-07:00",
      "Id": -2147483648
    },
    {
      "Message": "",
      "PostedDate": "2011-06-09T09:30:43.24-07:00",
      "Id": -2147483648
    },
    {
      "Message": "",
      "PostedDate": "2012-01-27T05:36:16.043-08:00",
      "Id": -2147483648
    },
    {
      "Message": "I also had problems with VS 2010 SP1 and NET 4.0.\r\nThe reason for the problem is that a mixture of assemblies is taken from GAC and VisualStudio folder with an invalid combination. To fix this, I did the following steps to force the custom control to use the assemblies I wanted:\r\n\r\n- change Project to Build for .NET 4.0 Full/Client Profile\r\n- remove all references to TFS Assemblies from project and Build once (errors will occur)\r\n- collect these assemblies from Visual Studio Program Folder and add them directly to the WitCustomControls Project:\r\n\r\nC:\\Program Files (x86)\\Microsoft Visual Studio 10.0\\Common7\\IDE\\PrivateAssemblies\\Microsoft.TeamFoundation.WorkItemTracking.Controls.dll\r\n\r\nC:\\Program Files (x86)\\Microsoft Visual Studio 10.0\\Common7\\IDE\\ReferenceAssemblies\\v2.0\\Microsoft.TeamFoundation.Client.dll\r\n\r\nC:\\Program Files (x86)\\Microsoft Visual Studio 10.0\\Common7\\IDE\\ReferenceAssemblies\\v2.0\\Microsoft.TeamFoundation.WorkItemTracking.Client\r\n\r\nC:\\Program Files (x86)\\Microsoft Visual Studio 10.0\\Common7\\IDE\\ReferenceAssemblies\\v2.0\\Microsoft.TeamFoundation.Common.dll\r\n\r\n- add direct references to the assemblies with Properties: local copy = true; specific version= true;\r\n- now the assemblies will belong to the output\r\n- deploy the whole build into the CustomControl folder C:\\ProgramData\\Microsoft\\Team Foundation\\Work Item Tracking\\Custom Controls\\10.0\r\n\r\n- restart visual studio and open your workitem \r\n- to deploy the custom controls to other workstations simply copy the folder\r\n\r\nThe attached screenshot shows my CustomControlsFolder.\r\n\r\nJan",
      "PostedDate": "2012-01-27T05:36:18.533-08:00",
      "Id": -2147483648
    },
    {
      "Message": "",
      "PostedDate": "2012-12-28T04:18:59.78-08:00",
      "Id": -2147483648
    },
    {
      "Message": "",
      "PostedDate": "2013-02-21T16:24:34.717-08:00",
      "Id": -2147483648
    },
    {
      "Message": "",
      "PostedDate": "2013-05-16T03:55:05.49-07:00",
      "Id": -2147483648
    }
  ]
}