{
  "WorkItem": {
    "AffectedComponent": {
      "Name": "",
      "DisplayName": ""
    },
    "ClosedComment": "",
    "ClosedDate": null,
    "CommentCount": 0,
    "Custom": null,
    "Description": "I'm not sure when this stopped working, but I'm pretty sure it used to work.\n\nWhen the SUGGESTEDVALUE items are conditional on another field's value (used with WHEN clauses), and the value in the conditional field changes, the suggested values do not update. This works fine when the control is defined as a Field control. It only fails to work when the control is defined as a MultiValueControl.\n\nFor example:\n```\n\t<FIELD name=\"Animal Locomotion\" refname=\"Animal.Locomotion\" type=\"String\">\n\t\t<WHEN field=\"Animal.Type\" value=\"Horse\">\n\t\t\t<SUGGESTEDVALUES>\n\t\t\t\t<LISTITEM value=\"[Walk]\" />\n\t\t\t\t<LISTITEM value=\"[Trot]\" />\n\t\t\t\t<LISTITEM value=\"[Run]\" />\n\t\t\t</SUGGESTEDVALUES>\n\t\t</WHEN>\n\t\t<WHEN field=\"Animal.Type\" value=\"Dolphin\">\n\t\t\t<SUGGESTEDVALUES>\n\t\t\t\t<LISTITEM value=\"[Swim]\" />\n\t\t\t\t<LISTITEM value=\"[Leap]\" />\n\t\t\t\t<LISTITEM value=\"[Dive]\" />\n\t\t\t</SUGGESTEDVALUES>\n\t\t</WHEN>\n\t</FIELD>\n```\nWhen Animal Type starts out Horse, the Animal Locomotion correctly displays Walk, Trot, and Run. However, when Animal Type is switched to Dolphin, Animal Locomotion stays at Walk, Trot, and Run, instead of changing to Swim, Leap, and Dive.\n\nAgain, the behavior is correct when using a field control instead of a multi value control.\n\nThanks for your attention!",
    "LastUpdatedDate": "2016-05-19T05:00:38.943-07:00",
    "PlannedForRelease": "",
    "ReleaseVisibleToPublic": false,
    "Priority": {
      "Name": "Unassigned",
      "Severity": 0,
      "Id": 0
    },
    "ProjectName": "WitCustomControls",
    "ReportedDate": "2015-04-17T10:59:12.353-07:00",
    "Status": {
      "Name": "Proposed",
      "Id": 1
    },
    "ReasonClosed": {
      "Name": "Unassigned"
    },
    "Summary": "MultiValue Control Does Not Update Conditional List Items",
    "Type": {
      "Name": "Unassigned",
      "Id": 5
    },
    "VoteCount": 3,
    "Id": 42786
  },
  "FileAttachments": [],
  "Comments": [
    {
      "Message": "I submitted a patch to this issue the project owners will include the patch an make a new release. To find all patches look here\r\n\r\nhttps://witcustomcontrols.codeplex.com/SourceControl/list/patches\n",
      "PostedDate": "2015-11-20T10:09:28.83-08:00",
      "Id": -2147483648
    },
    {
      "Message": "",
      "PostedDate": "2016-05-19T04:55:00.58-07:00",
      "Id": -2147483648
    },
    {
      "Message": "Any chances to get release with this issue solved? Or where can I get information how to apply mentioned patch myself?",
      "PostedDate": "2016-05-19T05:00:38.943-07:00",
      "Id": -2147483648
    }
  ]
}