{
  "WorkItem": {
    "AffectedComponent": {
      "Name": "",
      "DisplayName": ""
    },
    "ClosedComment": "",
    "ClosedDate": null,
    "CommentCount": 0,
    "Custom": null,
    "Description": "Hi,\n\nWe've recently updated TFS 2013 to [TFS 2013 Update 2](http://blogs.msdn.com/b/bharry/archive/2014/04/02/tfs-2013-2-update-2-released.aspx). After this happened, once I edited the work item with the multi-value custom control (I didn't modify the control, just changed a label for a different field in the work item), the control re-sized to be too wide (126% in our case) for the work item in web access. This occurs during the _setButtonWidth function in the javascript. We cannot revert this sizing issue even if we redeploy the same work item definition that was used before. \n\nThere is no sizing issue on our server that has not updated yet, which makes me suspect this is a small issue with the new update for TFS. We have noticed other bugs due to this update as well. How can I get this custom control resized to fit into the work item again?\n\nThanks.",
    "LastUpdatedDate": "2014-11-05T19:01:03.96-08:00",
    "PlannedForRelease": "",
    "ReleaseVisibleToPublic": false,
    "Priority": {
      "Name": "Unassigned",
      "Severity": 0,
      "Id": 0
    },
    "ProjectName": "WitCustomControls",
    "ReportedDate": "2014-04-14T10:42:24.143-07:00",
    "Status": {
      "Name": "Proposed",
      "Id": 1
    },
    "ReasonClosed": {
      "Name": "Unassigned"
    },
    "Summary": "Multi value control resizing issue in TFS2013.2",
    "Type": {
      "Name": "Unassigned",
      "Id": 5
    },
    "VoteCount": 2,
    "Id": 35130
  },
  "FileAttachments": [],
  "Comments": [
    {
      "Message": "Hi,\r\n\r\nI don't think this release has been tested with update 2 yet so we'll have to investigate this further.\r\n\r\nMathias",
      "PostedDate": "2014-04-14T11:33:55.52-07:00",
      "Id": -2147483648
    },
    {
      "Message": "",
      "PostedDate": "2014-11-05T18:59:15.73-08:00",
      "Id": -2147483648
    },
    {
      "Message": "update 3 has the same problem, and if the list is at the bottom of the page, it might be hidden and not able to scroll to show it",
      "PostedDate": "2014-11-05T19:01:03.96-08:00",
      "Id": -2147483648
    }
  ]
}