{
  "WorkItem": {
    "AffectedComponent": {
      "Name": "",
      "DisplayName": ""
    },
    "ClosedComment": "",
    "ClosedDate": null,
    "CommentCount": 0,
    "Custom": null,
    "Description": "Hi, I've been working on clearing fields when users clone work items.  MultiValueControls don't seem to play nicely with <EMPTY /> (which appears to be by design or at least known) so, I found a good work-around that uses <COPY from=\"value=\" value=\"\" />, which plays nicely with the IDE client (in that everything is functional and appears to work as intended), but the web client no longer shows any drop down box or values when copying \"\" into the field.  From an end user perspective, it looks like a weird failure.\n\nAny guidance?",
    "LastUpdatedDate": "2014-07-15T11:13:33.163-07:00",
    "PlannedForRelease": "",
    "ReleaseVisibleToPublic": false,
    "Priority": {
      "Name": "Unassigned",
      "Severity": 0,
      "Id": 0
    },
    "ProjectName": "WitCustomControls",
    "ReportedDate": "2014-07-15T11:13:33.163-07:00",
    "Status": {
      "Name": "Proposed",
      "Id": 1
    },
    "ReasonClosed": {
      "Name": "Unassigned"
    },
    "Summary": "MultiValueControl field rules and Web client",
    "Type": {
      "Name": "Unassigned",
      "Id": 5
    },
    "VoteCount": 1,
    "Id": 35385
  },
  "FileAttachments": [],
  "Comments": []
}