[
  {
    "Title": "Multivalue control",
    "Id": "1907443",
    "ParentWikiTitle": "Home",
    "FileExtension": "codeplexwiki",
    "UpdatedDate": "2017-05-19T09:43:03.747-07:00",
    "FileAttachments": [
      {
        "Id": "29b90b71-891b-4606-9bb5-5daab38dcb9f",
        "FileName": "multivaluecontrol.JPG",
        "DownloadUri": "./1907443/29b90b71-891b-4606-9bb5-5daab38dcb9f"
      }
    ]
  },
  {
    "Title": "Home",
    "Id": "671948",
    "ParentWikiTitle": "Home",
    "FileExtension": "codeplexwiki",
    "UpdatedDate": "2012-12-28T07:35:00.623-08:00",
    "FileAttachments": []
  },
  {
    "Title": "Screenshot controls",
    "Id": "252372",
    "ParentWikiTitle": "Home",
    "FileExtension": "codeplexwiki",
    "UpdatedDate": "2010-03-26T16:54:40.86-07:00",
    "FileAttachments": [
      {
        "Id": "731e2fad-feb9-4f6b-8e3e-9ccf608771a2",
        "FileName": "ScreenshotControl.jpg",
        "DownloadUri": "./252372/731e2fad-feb9-4f6b-8e3e-9ccf608771a2"
      },
      {
        "Id": "f809a8f8-3d9e-4753-8c59-9b8f29ff71d9",
        "FileName": "DisabledScreenshotControl.jpg",
        "DownloadUri": "./252372/f809a8f8-3d9e-4753-8c59-9b8f29ff71d9"
      },
      {
        "Id": "223bab0b-b1f5-4a12-8916-fca5c5fc6bf0",
        "FileName": "SaveAsDialog.jpg",
        "DownloadUri": "./252372/223bab0b-b1f5-4a12-8916-fca5c5fc6bf0"
      },
      {
        "Id": "b470ff63-2040-4833-a174-f7a9bdb204ee",
        "FileName": "EnlargeDialog.jpg",
        "DownloadUri": "./252372/b470ff63-2040-4833-a174-f7a9bdb204ee"
      },
      {
        "Id": "11023f4e-f840-49d3-8355-0597d5b9ed71",
        "FileName": "AttachmentsControl.jpg",
        "DownloadUri": "./252372/11023f4e-f840-49d3-8355-0597d5b9ed71"
      }
    ]
  },
  {
    "Title": "Web browser control",
    "Id": "49789",
    "ParentWikiTitle": "Home",
    "FileExtension": "codeplexwiki",
    "UpdatedDate": "2007-08-13T14:24:21.847-07:00",
    "FileAttachments": []
  }
]
